gender,outcome,beta_ucla,se_ucla,p_ucla,r_squared,n,p_fdr
female,pe_rate,-0.2740504753024635,0.7369872008940445,0.7100027310139232,0.03638879552605723,119,0.9558282804477762
female,stroop_interference,1.110309651734808,13.467441036613053,0.9342936515464872,0.015779034927833058,119,0.9558282804477762
female,stroop_effect,-1.784261259678936,32.21307465016072,0.9558282804477762,0.05876754615143154,37,0.9558282804477762
female,prp_bottleneck,7.413169747478175,20.400508228013333,0.7163198291933974,0.045603526962889496,114,0.9558282804477762
male,pe_rate,0.21785690644779682,0.9249953814796649,0.8138034845177244,0.02814176631488685,77,0.8138034845177244
male,stroop_interference,13.879828452472704,18.305661400255282,0.44831569773854285,0.08337445762572548,77,0.6724735466078143
male,prp_bottleneck,30.428413028755745,21.922021975854197,0.1651280647683171,0.182226819091586,76,0.4953841943049513
