gender,outcome,beta_ucla,se_ucla,p_ucla,r_squared,n,p_fdr
female,pe_rate,-0.275600015468766,0.7707652898345968,0.7206675884637637,0.03778524667926708,116,0.9558282804477762
female,stroop_interference,3.590566953071514,13.63362737005982,0.7922722786084389,0.010661111799989742,116,0.9558282804477762
female,stroop_effect,-1.784261259678936,32.21307465016072,0.9558282804477762,0.05876754615143154,37,0.9558282804477762
female,prp_bottleneck,13.980311803743591,19.70138934326415,0.4779457360953506,0.058545748348101334,111,0.9558282804477762
male,pe_rate,0.21785690644779682,0.9249953814796649,0.8138034845177244,0.02814176631488685,77,0.8138034845177244
male,stroop_interference,13.879828452472704,18.305661400255282,0.44831569773854285,0.08337445762572548,77,0.6724735466078143
male,prp_bottleneck,30.428413028755745,21.922021975854197,0.1651280647683171,0.182226819091586,76,0.4953841943049513
