pattern,domain,gender,beta,se,p,standardized_beta,partial_r,n
Male: WCST PE Rate,Cognitive Flexibility,Male,0.21785690644779682,0.9249953814796649,0.8138034845177244,0.21785690644779682,0.027940424994142937,77
Female: Stroop Interference,Processing Speed,Female,3.590566953071514,13.63362737005982,0.7922722786084389,3.590566953071514,0.025102581790135216,116
