{
  "n_total": 198,
  "n_male": 78.0,
  "n_female": 117.0,
  "male_pe_beta": 0.21785690644779682,
  "male_pe_p": 0.8138034845177244,
  "male_pe_standardized_beta": 0.21785690644779682,
  "male_pe_partial_r": 0.027940424994142937,
  "female_stroop_beta": 3.590566953071514,
  "female_stroop_p": 0.7922722786084389,
  "female_stroop_standardized_beta": 3.590566953071514,
  "female_stroop_partial_r": 0.025102581790135216
}