{
  "n_vars": 4,
  "n_female": 111,
  "n_male": 77,
  "male_global_strength": 0.10651942471284154,
  "female_global_strength": 0.07302920740214411,
  "p_strength_diff": 0.483
}