outcome,beta_main,p_main,beta_interaction,se_interaction,p_interaction,r_squared,n,p_interaction_fdr,significant_fdr
pe_rate,-0.33404586236754674,0.607610063414413,0.48770597234011925,0.7000030502004001,0.48597817654662556,0.022461904561201007,196,0.6566885568955704,False
stroop_interference,1.7801892705307836,0.8859944037485372,10.182977314278762,14.837243295583871,0.49251641767167775,0.031850401887067226,196,0.6566885568955704,False
stroop_effect,-4.999065720952329,0.8670122172273057,23.590962210147826,54.638848251288564,0.6659146159202397,0.08986123299567683,49,0.6659146159202397,False
prp_bottleneck,6.265988359653509,0.7279603325607253,35.082610371390764,20.3307559366586,0.08442065743078354,0.11610959328997328,190,0.3376826297231342,False
