gender,z,p
Female,-1.25858033369232,0.20818195411736617
Male,-0.4971192895478537,0.6191049326841884
