outcome,mediator,a_path,b_path,indirect,direct,total,mediation_pct,gender,n,ucla_beta,ucla_p
pe_rate,DASS_Depression,0.6627930354253397,-0.6517750511975545,-0.43199196459773337,-0.15781933517399266,-0.5898112997717273,73.24240223354923,,,,
pe_rate,,,,,,,,Male,64.0,-0.1725412986078666,0.8019172711195203
pe_rate,,,,,,,,Female,106.0,-0.2475184698429279,0.7462968528360201
stroop_interference,DASS_Depression,0.6627930354253397,-14.775100899800988,-9.792833974094766,10.320523348766356,0.5276893746715758,-1855.79517878101,,,,
stroop_interference,,,,,,,,Male,64.0,18.487187467790047,0.2787086680503534
stroop_interference,,,,,,,,Female,106.0,3.2091785302737312,0.8272893737147864
prp_bottleneck,DASS_Depression,0.671230405480446,-14.946005140766841,-10.032213090949757,21.412976239885133,11.380763148935348,-88.15061836945665,,,,
prp_bottleneck,,,,,,,,Male,63.0,25.310397551910214,0.2365262046921678
prp_bottleneck,,,,,,,,Female,103.0,4.373679480472942,0.8310292184972718
