outcome,model,AIC,R2,ucla_beta,ucla_p,interaction_beta,interaction_p
pe_rate,Mood-Driven,1046.8833147478588,0.03470623001937623,,,,
pe_rate,Parallel,1048.7410430782702,0.035513738875080914,-0.19844639861867125,0.7122947828912382,,
pe_rate,Gender-Moderated,1050.113787401323,0.039065884438609366,,,0.643970883157956,0.44014806484540314
stroop_interference,Mood-Driven,2075.8630476326784,0.03171343632818335,,,,
stroop_interference,Parallel,2077.1895156308133,0.03554215253261295,8.897695726756531,0.42233051489104156,,
stroop_interference,Gender-Moderated,2078.7440455304827,0.03806612142799648,,,11.177488725887912,0.5153451511819984
prp_bottleneck,Mood-Driven,2139.4337545705175,0.0771153164894176,,,,
prp_bottleneck,Parallel,2140.0137349350075,0.08497631065428624,18.32087202019646,0.24425419761074635,,
prp_bottleneck,Gender-Moderated,2139.218003671055,0.10025786974193529,,,39.425010697735885,0.10338058425787934
