gender,n,mean_cross_task_corr
Male,64,0.11920185153672773
Female,103,0.09428011088901467
