path,beta,p
a: UCLA → Meta-Control,-0.10794074705248033,0.3454563528459591
c': UCLA → PE (direct),-0.4916925472452407,0.2920505988220514
