,ucla_total,dass_depression,dass_anxiety,dass_stress,pe_rate,stroop_interference,prp_bottleneck
ucla_total,1.0,0.6646551617601596,0.464510406032188,0.5019330552635444,-0.12250092876160705,0.0056958499502705925,0.0766640786015147
dass_depression,0.6646551617601596,1.0,0.6104731673393914,0.6364777908465632,-0.15658342970552544,-0.07222588304387798,-0.006227705152984369
dass_anxiety,0.464510406032188,0.6104731673393914,1.0,0.7376941951153436,-0.11392707844973846,0.006534060774902692,0.02779227910639338
dass_stress,0.5019330552635444,0.6364777908465632,0.7376941951153436,1.0,-0.0996819968658822,-0.02039686723814332,0.018708523960302727
pe_rate,-0.12250092876160705,-0.15658342970552544,-0.11392707844973846,-0.0996819968658822,1.0,0.1013143092351772,0.08266557461343009
stroop_interference,0.0056958499502705925,-0.07222588304387798,0.006534060774902692,-0.02039686723814332,0.1013143092351772,1.0,0.1736516143275137
prp_bottleneck,0.0766640786015147,-0.006227705152984369,0.02779227910639338,0.018708523960302727,0.08266557461343009,0.1736516143275137,1.0
