outcome,n,normative_r2,ucla_deviation_beta,ucla_deviation_p,interaction_beta,interaction_p
pe_rate,170,-0.035607133036686944,-0.17699287118625365,0.072376361024674,0.14307167942317378,0.36909745195845867
stroop_interference,170,-0.02670774938467635,-0.04686300562319237,0.6345784243511976,0.07939002582174876,0.6198273885720331
prp_bottleneck,166,-0.009283578527857994,-0.002086416074228108,0.9834038963531285,0.04228546823394071,0.7932116778555932
