bin_split_k,n,B,SE_B,beta,F,p,delta_r2
2,212,37.05520372728671,12.9567313198913,0.26742437151928633,8.179137413920593,0.004675897807808952,0.03793922948692563
3,212,30.7400600353352,8.223924772420913,0.3440824251434741,13.971761536081425,0.00024067315773169194,0.06280750186123973
4,212,22.533464428959956,5.781050339177161,0.35464149331864564,15.192961371245476,0.00013145303261064757,0.06672147411748575
6,212,17.26177432915461,3.9861014669850543,0.39307400638133794,18.753147523732714,2.3270342387650467e-05,0.08196627322499639
