outcome,n,B,SE_B,beta,F,p,delta_r2
Pre-exploitation RT,212,123.78339843192934,47.234574025521155,0.24370775812500156,6.867596926881192,0.00943455225380754,0.03150928572118239
Exploitation RT,212,27.796767410955383,36.47434917445072,0.07037487325667116,0.5807824488358646,0.4468817002248945,0.0026274538737928177
Pre-exploitation - Exploitation,212,95.98663102097393,38.10742101084764,0.2362625365195252,6.3445727501464075,0.0125377641690364,0.029613488694485546
