fixed_effect,b,se,z,p,ci_low,ci_high,n_trials,n_participants
Intercept,6.855156051587391,0.017533486808326774,390.9750596973005,0.0,6.820791048919663,6.88952105425512,14986,212
Trial position,-0.1461900965499132,0.012411145480715676,-11.778936664392663,5.01213598330715e-32,-0.17051549469900296,-0.12186469840082341,14986,212
Condition,0.1331989490665746,0.009335805019236471,14.267537592325196,3.486742844642156e-46,0.11490110746218284,0.15149679067096633,14986,212
Loneliness,0.013215413024934683,0.018417878010901733,0.7175317925937148,0.47304602665605433,-0.022882964548084923,0.049313790597954286,14986,212
Trial x Condition,0.005575419983155604,0.01610995777996669,0.34608532556732324,0.7292785912941021,-0.025999517058039955,0.03715035702435116,14986,212
Trial x Loneliness,-0.002570657466522391,0.012462787650990551,-0.20626665064922883,0.8365826273032586,-0.026997272409434413,0.02185595747638963,14986,212
Condition x Loneliness,-0.02566967107016922,0.009405364145856366,-2.729258609458334,0.006347690271055801,-0.04410384605753202,-0.007235496082806412,14986,212
Trial x Condition x Loneliness,0.05092399832706854,0.01621586078557408,3.140382061763347,0.0016872762916740542,0.01914149520902795,0.08270650144510913,14986,212
