fixed_effect,b,se,z,p,ci_low,ci_high,n_trials,n_participants
Intercept,6.8539205664338,0.017505168212367257,391.5369725834203,0.0,6.819611067194245,6.888230065673355,14986,212
Trial position,-0.14618678216629286,0.012410629886759365,-11.779158954877577,4.998936495925831e-32,-0.17051116976979763,-0.12186239456278809,14986,212
Condition,0.1332151622328372,0.009335752653272767,14.269354296371265,3.397094041774929e-46,0.11491742326384832,0.15151290120182606,14986,212
Loneliness,0.012909403527838903,0.018449316024097558,0.6997226081973607,0.4841005546266586,-0.02325059141879001,0.04906939847446782,14986,212
Trial x Condition,0.0055480193139813465,0.016109907407526183,0.34438554944080174,0.7305563548652936,-0.026026818999045003,0.0371228576270077,14986,212
Trial x Loneliness,-0.0025771938596510263,0.012462274133889995,-0.2067996444278647,0.8361663338544989,-0.02700280232754051,0.02184841460823846,14986,212
Condition x Loneliness,-0.025653419926788233,0.009405377158637195,-2.7275269767603154,0.0063811039656671105,-0.044087620418732806,-0.0072192194348436635,14986,212
Trial x Condition x Loneliness,0.05089680936999338,0.016215868589043697,3.1387038622391135,0.001696968491956777,0.01911429095743339,0.08267932778255337,14986,212
