outcome,canonical_loading
pe_rate,-0.2613921746852895
prp_bottleneck,-0.9648692349884921
stroop_interference,-0.02648566378280071
