outcome,canonical_loading
pe_rate,-0.08980069576438014
prp_bottleneck,-0.9627461053518734
stroop_interference,-0.2550603294713449
