,pe_rate,prp_bottleneck,stroop_interference
pe_rate,1.0,0.1093569578013846,0.1072375908341445
prp_bottleneck,0.1093569578013846,1.0,0.18615974462779714
stroop_interference,0.1072375908341445,0.18615974462779714,1.0
