outcome,ucla_beta,ucla_p,ucla_sig,interaction_beta,interaction_p,interaction_sig,r_squared
pe_rate,-0.0650875263074161,0.5916188882508799,,0.06883426840283155,0.6673145378662031,,0.04493684435678624
prp_bottleneck,0.03692757490820329,0.7526232131437824,,0.24272089218191156,0.11791242179678624,,0.10876882355252881
stroop_interference,0.04409950867788234,0.716870947250175,,0.118129403656677,0.462122348232501,,0.03998791805617952
