outcome,ucla_beta,ucla_p,ucla_sig,interaction_beta,interaction_p,interaction_sig,r_squared
perseverative_error_rate,-0.06361522917410947,0.7345622151163209,,0.5577797960788319,0.02534785053676251,*,0.11206411023615759
prp_bottleneck,-0.16684794328437888,0.3295076385269847,,0.4744566227947201,0.03601259990549118,*,0.2660452538218431
stroop_interference,0.0709974839609446,0.7026141370467394,,0.21462395746593158,0.37780170328990903,,0.1279346567634112
