gender,z,p
Female,1.168955325293253,0.2424216311920362
Male,-0.6108049010462935,0.5413287484122788
