model,term,beta,se,t,p
DASS Depression outcome,Intercept,0.3143707843480325,0.1570543559370171,2.0016686737049394,0.04532037770597815
DASS Depression outcome,C(gender_male)[T.1],-0.5202106144381562,0.24082663530250265,-2.1601041503765517,0.03076460780741992
DASS Depression outcome,pe_rate,-0.02607559315931907,0.01231705415233167,-2.117031624350117,0.03425716392796168
DASS Depression outcome,pe_rate:C(gender_male)[T.1],0.04112821822003763,0.02310665907436174,1.7799292441057355,0.0750875410211854
DASS Depression outcome,z_ucla,0.6681443975327112,0.1017639901367832,6.565626963276928,5.1814382719679034e-11
DASS Depression outcome,z_ucla:C(gender_male)[T.1],-0.012443392518329136,0.13917201636276258,-0.08941016192432302,0.9287559477703456
DASS Depression outcome,z_age,0.04102079222644099,0.057594442464497186,0.7122352517211595,0.4763191110911008
