gender,z,p
Female,-2.2073823507109824,0.027287358355875257
Male,0.864624533844017,0.38724490225934893
