gender,z,p
Female,-0.3836115001224357,0.7012664151260086
Male,0.23270637223993512,0.8159894207152372
