model,term,beta,se,t,p
PRP Bottleneck Effect outcome,Intercept,631.0196722939916,13.852892153743696,45.55147512091623,0.0
PRP Bottleneck Effect outcome,C(gender_male)[T.1],-100.1663124270865,20.493106997202705,-4.88780507712955,1.019664116387879e-06
PRP Bottleneck Effect outcome,z_ucla,5.070955814355996,15.409926264537827,0.32907073838669554,0.7421022210205583
PRP Bottleneck Effect outcome,z_ucla:C(gender_male)[T.1],24.97293983667587,22.58224622326858,1.1058660679620054,0.2687844935232707
PRP Bottleneck Effect outcome,z_dass_anx,-6.505179527590795,16.899134558246384,-0.38494157823108277,0.7002807000896587
PRP Bottleneck Effect outcome,z_dass_anx:C(gender_male)[T.1],10.133763748271498,23.321472540615908,0.43452503827204175,0.6639072167856029
PRP Bottleneck Effect outcome,z_age,27.355325502560873,9.583016383816497,2.854563157040794,0.004309606192045467
