variable,bridge_strength
ucla_score,0.7283205127584709
dass_depression,0.6254876100222153
dass_anxiety,0.14420067605369194
dass_stress,0.10077324670338283
pe_rate,0.590230999090373
prp_bottleneck,0.10439899465014148
stroop_interference,0.10233933861726864
wcst_accuracy,0.734431675144065
