variable,strength,betweenness,closeness,expected_influence
ucla_score,0.8768212511624527,0.47619047619047616,1.5020866528474592,0.8475821235917305
dass_depression,1.218923090649672,0.7142857142857142,1.9228438241733175,0.693603169242534
dass_anxiety,1.0445831907839365,0.47619047619047616,1.7396031913754286,1.0445831907839365
dass_stress,0.9704001719915036,0.0,1.3543849882659902,0.8785476128724179
pe_rate,0.8601007328343383,0.0,0.8232460617941558,-0.679668169084916
prp_bottleneck,0.45127281715937406,0.2857142857142857,1.3453558506889107,0.20757046014800581
stroop_interference,0.4725653187627695,0.0,1.183011007078311,0.04315891087548627
wcst_accuracy,0.9868289238657503,0.2857142857142857,1.570934161284265,-0.7046320026616336
