variable,strength_male,expected_influence_male,betweenness_male,closeness_male,strength_female,expected_influence_female,betweenness_female,closeness_female
ucla_score,1.2392247217481334,0.6257978648947526,0.2857142857142857,6.4634591625928595,0.8209929784209611,0.8209929784209611,0.0,3.419854276489077
dass_depression,1.5514042279432183,0.8697222949229285,0.047619047619047616,5.021145206757805,1.1790647653079096,0.6537614288597603,0.2857142857142857,3.8763292546958614
dass_anxiety,1.3463875980855766,0.8511332930394439,0.0,4.00615242674637,1.184491941558489,1.184491941558489,0.7619047619047619,5.000326961912639
dass_stress,1.5436369495449247,1.1545290176252387,0.0,3.978578310697207,1.1467306283862941,0.5843394751688089,0.0,2.6474659014293573
pe_rate,1.4762527243350916,-0.6936930938436848,0.09523809523809523,5.5470412889967236,0.8237158081789997,-0.6111177943367365,0.0,2.7861200669005255
prp_bottleneck,1.2532342076708511,0.6537451817995763,0.09523809523809523,5.585548141882891,0.5770110233137192,-0.07098690220084419,0.19047619047619047,3.6799475369874455
stroop_interference,0.6638609562849866,0.2511985805108099,0.09523809523809523,5.205271480755295,0.35065304103452893,-0.11731131857807436,0.0,2.635086206116762
wcst_accuracy,1.3684537690111611,-0.6800388104676427,0.0,4.390451248851501,1.0289730812477234,-0.6347780780977693,0.2857142857142857,3.5754986746410626
