variable,strength,betweenness,closeness,expected_influence
ucla_score,0.8665526080135245,0.09523809523809523,2.2651447876983375,0.846794773576938
dass_depression,1.1894533079144312,0.5714285714285714,3.125035572446568,0.6598572740411757
dass_anxiety,1.1029709991261187,0.47619047619047616,2.760397632454956,1.1029709991261187
dass_stress,1.0118306789778395,0.0,2.3536570214715433,0.836039056775019
pe_rate,0.8160859385289422,0.0,1.051990064141775,-0.5424084063221933
prp_bottleneck,0.48237588295031153,0.2857142857142857,2.6190604264389297,0.1548205175829287
stroop_interference,0.5173661072353766,0.38095238095238093,2.8923371428595885,0.10230720815780159
wcst_accuracy,0.9183189955144435,0.2857142857142857,2.248873698193632,-0.6299176434070595
