variable,strength_male,expected_influence_male,betweenness_male,closeness_male,strength_female,expected_influence_female,betweenness_female,closeness_female
ucla_score,1.2929018792090319,0.7297271571200882,0.14285714285714285,4.326611124958696,0.7681757382754626,0.7538044117395899,0.0,3.293312497628263
dass_depression,1.6072107916462492,0.9013689836664701,0.14285714285714285,5.349207034926788,1.1313066040622366,0.6095324023916477,0.2857142857142857,4.546414949689073
dass_anxiety,1.1941099804236883,0.7053625967127328,0.0,4.216639822632279,1.3350763812916135,1.3350763812916135,0.7142857142857142,5.406018595738067
dass_stress,1.5304586151139095,1.246554738937064,0.0,2.9878278158670035,1.2214128769894956,0.49444531024283167,0.0,2.7833295110828393
pe_rate,1.3796316839087566,-0.5377080350458786,0.0,4.5012010785814605,0.7766412760649309,-0.5372420730774261,0.0,3.029491692923513
prp_bottleneck,1.1042305056974326,0.5965760728637347,0.047619047619047616,5.3640893823314055,0.6441650151968442,-0.1260203150610799,0.19047619047619047,4.364695759211822
stroop_interference,0.9339732970075382,0.39464142314255457,0.14285714285714285,4.512823448192284,0.4085067333327874,-0.03148943764432513,0.0,3.645694332335387
wcst_accuracy,1.3363410138600413,-0.5987352954896032,0.09523809523809523,4.453649535302403,1.0553875253070693,-0.5871565619572945,0.0,3.4310054028095376
