,ucla_score,dass_depression,dass_anxiety,dass_stress,pe_rate,prp_bottleneck,stroop_interference,wcst_accuracy
ucla_score,1.0,0.6669061913936396,0.46172927019135823,0.4997820923149022,-0.14045954973563082,0.11310264058230632,0.028173420579734036,0.14376707527578308
dass_depression,0.6669061913936396,1.0,0.5879872605341161,0.6282062058220308,-0.18063069128624487,0.008861707311408422,-0.05716209560387257,0.17493326854799993
dass_anxiety,0.46172927019135823,0.5879872605341161,1.0,0.7330514358661988,-0.1432589829624475,0.036519879867026456,0.01679260038918767,0.20576072670071113
dass_stress,0.4997820923149022,0.6282062058220308,0.7330514358661988,1.0,-0.14613540025393798,0.015107592218842203,-0.021279700845208745,0.18193603686540397
pe_rate,-0.14045954973563082,-0.18063069128624487,-0.1432589829624475,-0.14613540025393798,1.0,0.09528823881219477,0.09673571563192547,-0.6906533005034803
prp_bottleneck,0.11310264058230632,0.008861707311408422,0.036519879867026456,0.015107592218842203,0.09528823881219477,1.0,0.14363805684143174,-0.09543350878086174
stroop_interference,0.028173420579734036,-0.05716209560387257,0.01679260038918767,-0.021279700845208745,0.09673571563192547,0.14363805684143174,1.0,-0.13343490124447968
wcst_accuracy,0.14376707527578308,0.17493326854799993,0.20576072670071113,0.18193603686540397,-0.6906533005034803,-0.09543350878086174,-0.13343490124447968,1.0
