,ucla_score,dass_depression,dass_anxiety,dass_stress,pe_rate,prp_bottleneck,stroop_interference,wcst_accuracy
ucla_score,1.0,0.6755527320627706,0.4680826885403757,0.508923582973681,-0.09382194373530521,0.0764469308840199,0.015122637213290347,0.09534085224408628
dass_depression,0.6755527320627706,1.0,0.5534974085186299,0.6104399384370227,-0.15287022958133034,-0.01577728410624893,-0.07726531247784282,0.1447597507929399
dass_anxiety,0.4680826885403757,0.5534974085186299,1.0,0.7190301406505963,-0.10126286339828855,0.026042403765403302,0.02424959413176721,0.19307871043280833
dass_stress,0.508923582973681,0.6104399384370227,0.7190301406505963,1.0,-0.09517260258862542,-0.0068656554425106315,-0.03141071968686815,0.14007006106295658
pe_rate,-0.09382194373530521,-0.15287022958133034,-0.10126286339828855,-0.09517260258862542,1.0,0.12314122527746661,0.11210896492453226,-0.6068185205058629
prp_bottleneck,0.0764469308840199,-0.01577728410624893,0.026042403765403302,-0.0068656554425106315,0.12314122527746661,1.0,0.15529822722825556,-0.13459648366118285
stroop_interference,0.015122637213290347,-0.07726531247784282,0.02424959413176721,-0.03141071968686815,0.11210896492453226,0.15529822722825556,1.0,-0.12127660056185578
wcst_accuracy,0.09534085224408628,0.1447597507929399,0.19307871043280833,0.14007006106295658,-0.6068185205058629,-0.13459648366118285,-0.12127660056185578,1.0
