,ucla_score,dass_depression,dass_anxiety,dass_stress,pe_rate,prp_bottleneck,stroop_interference,wcst_accuracy
ucla_score,0.0,0.007909364153476206,-0.1994999699021353,0.14407005575845105,-0.11794041886229428,0.06226722628013351,0.07076121970738306,-0.16276259066122276
dass_depression,0.007909364153476206,0.0,0.04462828897418836,0.041323394558659965,0.2181924670589144,-0.0895229475917845,-0.15170974519318836,0.14514004410290218
dass_anxiety,-0.19949996990213537,0.044628288974188385,0.0,0.0381575049650531,0.057542047586815845,-0.28152739039034946,0.06440694364855319,-0.0570660734011707
dass_stress,0.1440700557584511,0.041323394558659965,0.03815750496505321,0.0,-0.1644385703982387,0.49340497491918905,0.0764252020773688,-0.058753019424053705
pe_rate,-0.11794041886229423,0.21819246705891446,0.057542047586815845,-0.16443857039823878,0.0,0.14085406932264077,0.029761848986259457,-0.24654674320104586
prp_bottleneck,0.06226722628013351,-0.08952294759178456,-0.2815273903903495,0.4934049749191891,0.14085406932264075,0.0,0.17169646555419096,0.2275596859064003
stroop_interference,0.07076121970738303,-0.15170974519318842,0.06440694364855319,0.07642520207736882,0.02976184898625947,0.171696465554191,0.0,0.10716796430831718
wcst_accuracy,-0.1627625906612227,0.1451400441029022,-0.05706607340117069,-0.0587530194240538,-0.24654674320104586,0.2275596859064003,0.1071679643083172,0.0
