,ucla_score,dass_depression,dass_anxiety,dass_stress,pe_rate,prp_bottleneck,stroop_interference,wcst_accuracy
ucla_score,0.0,0.06104132394438683,-0.2362012780131258,0.21139072625748984,-0.05687639116961072,-0.011427057635745932,0.16167071635414662,-0.15367529435704247
dass_depression,0.06104132394438694,0.0,0.07910549711003982,-0.022378318269917485,0.2538403401808034,-0.052784206375619924,-0.20409729174894525,0.1771092364340749
dass_anxiety,-0.23620127801312585,0.07910549711003985,0.0,0.0186540196599696,-0.04951988505512239,-0.2808336783700703,0.0013059769877068333,-0.1622244368982784
dass_stress,0.2113907262574899,-0.022378318269917458,0.0186540196599696,0.0,-0.0935667261402875,0.5582448389769106,0.05630305130279776,0.023461836907269287
pe_rate,-0.05687639116961077,0.2538403401808034,-0.04951988505512245,-0.09356672614028748,0.0,0.13256565447397065,0.10401620799291122,-0.2909251622511171
prp_bottleneck,-0.011427057635745926,-0.052784206375619896,-0.28083367837007034,0.5582448389769106,0.13256565447397065,0.0,0.1445439750604234,0.2322868617949461
stroop_interference,0.16167071635414662,-0.20409729174894523,0.0013059769877068889,0.05630305130279774,0.10401620799291121,0.14454397506042346,0.0,0.162388224837839
wcst_accuracy,-0.15367529435704247,0.17710923643407486,-0.1622244368982784,0.023461836907269287,-0.2909251622511172,0.23228686179494606,0.16238822483783905,0.0
