global_strength_diff,p_global_strength,max_edge_diff,p_max_edge
3.3308218871753184,0.043912175648702596,0.4934049749191891,0.09181636726546906
