global_strength_diff,p_global_strength,max_edge_diff,p_max_edge
3.0381856163462047,0.16167664670658682,0.5582448389769106,0.1157684630738523
