,ucla_score,dass_depression,dass_anxiety,dass_stress,pe_rate,prp_bottleneck,stroop_interference,wcst_accuracy
ucla_score,1.0,0.49808492643234464,0.13844440144387957,0.017716811201645827,-0.007185663267936358,0.05625610791332353,0.016580963696968716,0.033906864319363926
dass_depression,0.49808492643234453,1.0,0.11544405388247582,0.25689052291212183,-0.12849066072350365,-0.05442619475499749,-0.04161321111032683,-0.036357034246466476
dass_anxiety,0.1384444014438796,0.11544405388247579,1.0,0.5721723255710234,0.07038677110506046,0.13421686308383876,0.10420334884981196,0.2002086173555235
dass_stress,0.01771681120164575,0.25689052291212183,0.5721723255710235,1.0,0.011149433931372594,-0.224184249283757,-0.0802584853760175,-0.059041048713557476
pe_rate,-0.007185663267936338,-0.12849066072350365,0.07038677110506049,0.011149433931372596,1.0,0.01951922011529434,0.018644176342025,-0.5212653505797386
prp_bottleneck,0.05625610791332352,-0.05442619475499749,0.1342168630838388,-0.224184249283757,0.01951922011529435,1.0,0.04908015895542548,-0.10648222109020758
stroop_interference,0.01658096369696871,-0.041613211110326835,0.10420334884981196,-0.0802584853760175,0.01864417634202499,0.04908015895542548,1.0,-0.09812638900221193
wcst_accuracy,0.033906864319363905,-0.036357034246466476,0.2002086173555235,-0.059041048713557455,-0.5212653505797384,-0.10648222109020758,-0.09812638900221193,1.0
