,ucla_score,dass_depression,dass_anxiety,dass_stress,pe_rate,prp_bottleneck,stroop_interference,wcst_accuracy
ucla_score,1.0,0.5591262503767315,-0.09775687656924624,0.22910753745913567,-0.06406205443754708,0.044829050277577595,0.17825168005111533,-0.11976843003767855
dass_depression,0.5591262503767315,1.0,0.19454955099251564,0.23451220464220435,0.12534967945729977,-0.10721040113061742,-0.2457105028592721,0.14075220218760842
dass_anxiety,-0.09775687656924624,0.19454955099251564,1.0,0.590826345230993,0.02086688604993807,-0.14661681528623152,0.10550932583751879,0.037984180457245116
dass_stress,0.22910753745913565,0.23451220464220437,0.5908263452309931,1.0,-0.08241729220891492,0.3340605896931536,-0.02395543407321974,-0.03557921180628819
pe_rate,-0.0640620544375471,0.12534967945729977,0.020866886049938038,-0.08241729220891489,1.0,0.15208487458926498,0.12266038433493623,-0.8121905128308556
prp_bottleneck,0.044829050277577595,-0.10721040113061739,-0.14661681528623155,0.3340605896931536,0.152084874589265,1.0,0.19362413401584888,0.1258046407047385
stroop_interference,0.17825168005111533,-0.24571050285927207,0.10550932583751885,-0.02395543407321976,0.1226603843349362,0.19362413401584894,1.0,0.06426183583562706
wcst_accuracy,-0.11976843003767855,0.1407522021876084,0.0379841804572451,-0.03557921180628817,-0.8121905128308556,0.12580464070473849,0.0642618358356271,1.0
