,ucla_score,dass_depression,dass_anxiety,dass_stress,pe_rate,prp_bottleneck,stroop_interference,wcst_accuracy
ucla_score,1.0,0.5098713064696949,0.030143612518973167,0.09291944232915351,-0.014619563785361125,0.13572512371402465,0.07083470867584996,0.022707493669395343
dass_depression,0.5098713064696948,1.0,0.19173244910665216,0.254659374369756,-0.0728996660931835,-0.06269990242686026,-0.09042773275233122,-0.03663265943119407
dass_anxiety,0.030143612518973146,0.1917324491066522,1.0,0.5665144198197527,0.04784076913092931,0.03231761262043511,0.06802401656782957,0.10801031101936448
dass_stress,0.09291944232915353,0.254659374369756,0.5665144198197527,1.0,-0.0024849156516431057,-0.020005618677371467,-0.023435745230528323,0.010380655913298543
pe_rate,-0.014619563785361157,-0.0728996660931835,0.047840769130929314,-0.002484915651643117,1.0,0.042375512743781825,-0.005383942479588018,-0.6744963629498514
prp_bottleneck,0.13572512371402465,-0.06269990242686026,0.0323176126204351,-0.020005618677371467,0.04237551274378181,1.0,0.11900338957544837,-0.03914565740145239
stroop_interference,0.07083470867584997,-0.09042773275233124,0.06802401656782957,-0.023435745230528326,-0.005383942479588047,0.11900338957544837,1.0,-0.09545578348119403
wcst_accuracy,0.02270749366939529,-0.03663265943119407,0.10801031101936451,0.010380655913298531,-0.6744963629498515,-0.039145657401452386,-0.095455783481194,1.0
