,ucla_score,dass_depression,dass_anxiety,dass_stress,pe_rate,prp_bottleneck,stroop_interference,wcst_accuracy
ucla_score,1.0,0.5044755860875646,0.10782706410623816,0.018902002081577017,0.008030088659370093,0.0794897927002701,0.04463604655258748,0.05763239823335369
dass_depression,0.5044755860875645,1.0,0.16183634433981,0.2501011666564604,-0.11777039733215278,-0.054267318616683685,-0.04534095510848832,-0.045272997166749894
dass_anxiety,0.10782706410623812,0.16183634433981,1.0,0.5619837802013685,0.030098574729015556,0.12557314366318037,0.057707931177253036,0.13946510334162326
dass_stress,0.01890200208157698,0.2501011666564604,0.5619837802013684,1.0,0.034548102838145696,-0.20411336062935198,-0.07117173700369428,-0.005910478975696333
pe_rate,0.00803008865937008,-0.11777039733215283,0.030098574729015615,0.03454810283814565,1.0,0.03362224069460025,-0.0010210358003901632,-0.5986253681253251
prp_bottleneck,0.0794897927002701,-0.05426731861668365,0.1255731436631804,-0.20411336062935204,0.03362224069460026,1.0,0.014326883498386754,-0.065618283511246
stroop_interference,0.04463604655258748,-0.0453409551084883,0.057707931177253036,-0.07117173700369431,-0.0010210358003901845,0.014326883498386756,1.0,-0.11644845189372885
wcst_accuracy,0.05763239823335368,-0.04527299716674994,0.13946510334162332,-0.005910478975696359,-0.5986253681253252,-0.065618283511246,-0.11644845189372885,1.0
