,ucla_score,dass_depression,dass_anxiety,dass_stress,pe_rate,prp_bottleneck,stroop_interference,wcst_accuracy
ucla_score,1.0,0.5231482714049466,0.060940380213140834,0.10077324670338283,-0.0062099355747535665,0.10439899465014148,0.06741279782361949,-0.0036689816435396885
dass_depression,0.5231482714049467,1.0,0.14794602024459585,0.25356099932826087,-0.08280623776044117,-0.05610326275679881,-0.10233933861726864,-0.02354917780211916
dass_anxiety,0.06094038021314093,0.14794602024459572,1.0,0.5646822564585062,0.056512540791313515,0.043398057529133775,0.08529106783573663,0.14420067605369194
dass_stress,0.10077324670338283,0.2535609993282609,0.5646822564585061,1.0,0.0049183653862793705,-0.03376767201829463,-0.038277918494256394,-0.015850220588859192
pe_rate,-0.006209935574753582,-0.08280623776044116,0.05651254079131352,0.004918365386279372,1.0,0.04453810798794667,0.030869751937834828,-0.590230999090373
prp_bottleneck,0.10439899465014148,-0.056103262756798784,0.04339805752913379,-0.03376767201829464,0.04453810798794665,1.0,0.12626304009939818,-0.07390674790859798
stroop_interference,0.06741279782361949,-0.10233933861726864,0.08529106783573663,-0.0382779184942564,0.03086975193783481,0.12626304009939815,1.0,-0.06691219242726246
wcst_accuracy,-0.0036689816435397193,-0.02354917780211915,0.144200676053692,-0.015850220588859196,-0.590230999090373,-0.07390674790859798,-0.06691219242726244,1.0
