,ucla_score,dass_depression,dass_anxiety,dass_stress,pe_rate,prp_bottleneck,stroop_interference,wcst_accuracy
ucla_score,1.0,0.5123849502410408,-0.09167290579589717,0.16297205784002808,-0.10991033020292419,0.1417570189804036,0.11539726625997054,-0.10513019242786906
dass_depression,0.5123849502410407,1.0,0.20646463331399836,0.2914245612151204,0.10042206972676163,-0.1437902662084682,-0.19705070030167668,0.09986704693615228
dass_anxiety,-0.09167290579589724,0.2064646333139984,1.0,0.6001412851664216,0.0876406223158314,-0.15595424672716912,0.12211487482580623,0.08239902994045256
dass_stress,0.16297205784002808,0.2914245612151204,0.6001412851664216,1.0,-0.129890467560093,0.2892916142898371,0.005253465073674521,-0.06466349839975004
pe_rate,-0.10991033020292415,0.10042206972676163,0.08764062231583146,-0.12989046756009312,1.0,0.17447631001724104,0.028740813185869293,-0.8451721113263709
prp_bottleneck,0.1417570189804036,-0.14379026620846821,-0.15595424672716912,0.2892916142898371,0.174476310017241,1.0,0.18602334905257772,0.16194140239515428
stroop_interference,0.1153972662599705,-0.1970507003016767,0.12211487482580623,0.005253465073674515,0.028740813185869286,0.18602334905257775,1.0,-0.00928048758541167
wcst_accuracy,-0.10513019242786903,0.09986704693615225,0.08239902994045263,-0.06466349839975016,-0.845172111326371,0.1619414023951543,-0.009280487585411655,1.0
