pooled_effect,pooled_se,z,p,q,i_squared,p_heterogeneity
-22.28021606348801,32.51656879940173,-0.6851957905195071,0.4932203798110506,2.805164528852358,28.702934197651675,0.24596100683211142
