pooled_effect,pooled_se,z,p,q,i_squared,p_heterogeneity
-21.256104567101794,31.33861123909924,-0.6782720652465247,0.49759920717349004,4.9316112131819345,59.445302690242364,0.08494038626604172
