task,n,mean,std,t,p,cohens_d
stroop,32,231.27091008533029,223.44658372911184,5.854937715611729,1.8551969383852767e-06,1.0350165405334817
wcst,163,1037.421810073137,739.3389183243751,17.914537831603553,2.88383956840279e-40,1.4031748963308084
prp,77,235.93030557638357,280.2870202623416,7.3862857702136075,1.6316103851663793e-10,0.8417453842691636
