task,n_total,n_males,n_females,r_overall,p_overall,r_male_pes,p_male_pes,r_male_acc,p_male_acc,r_fem_pes,p_fem_pes,r_fem_acc,p_fem_acc,beta_interaction,p_interaction
wcst,78,31,47,0.15029853666511658,0.18903316608561083,0.4221981890523942,0.017985065846786427,-0.07739638126289171,0.6789927359310493,0.0732882528457192,0.62443912646524,0.27633150295559405,0.06007886213600084,112.42750322805323,0.4270544822850576
