task,n_total,n_males,n_females,r_overall,p_overall,r_male_pes,p_male_pes,r_male_acc,p_male_acc,r_fem_pes,p_fem_pes,r_fem_acc,p_fem_acc,beta_interaction,p_interaction
wcst,160,61,97,0.09365798291024581,0.23879955128869224,0.2669124129528368,0.03757928655016622,-0.037661740494906074,0.7732207788066001,0.05090402113774166,0.620481252021682,0.18370975579584833,0.07166522701360552,71.75436363613464,0.42222704290552726
