task,n,mean,std,t,p,cohens_d
stroop,33,250.88021692387866,237.87949416082168,6.058517687623508,9.164101652782899e-07,1.054652557627635
wcst,174,1021.3621724019354,743.1485824546068,18.129204150522895,7.547242615102127e-42,1.374371419815394
prp,77,254.6075610679765,266.70876879213296,8.376823496469004,2.0882746632559686e-12,0.9546276345582477
