task,n,mean_pes,std_pes,ucla_coef,ucla_se,ucla_p,model_r2
stroop,32,234.44440299574595,221.83322167642334,-42.07404776754968,60.22198196085461,0.49121994214871223,0.06774789882305421
wcst,171,1031.8519257110706,743.2574399800002,136.27030292323272,77.80220872656376,0.08172980575500711,0.02933069262889687
prp,76,257.83130529245943,266.9665160444291,-56.39238612048111,41.62039983492874,0.17986205795966895,0.08806932113629318
