variable_1,variable_2,r,p_value,significant,n
UCLA Loneliness,DASS Depression,0.6572567578362979,9.677243670843245e-26,True,197
UCLA Loneliness,DASS Anxiety,0.4857404753973538,4.653808393542541e-13,True,197
UCLA Loneliness,DASS Stress,0.5217458166933989,3.786918823792945e-15,True,197
DASS Depression,DASS Anxiety,0.6242148124076091,1.127193757984318e-22,True,197
DASS Depression,DASS Stress,0.6362455435346327,9.519091844093832e-24,True,197
DASS Anxiety,DASS Stress,0.7379423488235661,3.834062573939935e-35,True,197
