parameter,coefficient,std_err,z_value,p_value
Intercept,9.416475664334106e-20,521685.6446156626,1.8050095419572898e-25,1.0
C(gender_male)[T.1.0],-7.411353885107605e-19,786446.8337490011,-9.423846046626694e-25,1.0
t2_error_prev,0.020223559581482854,0.008017511025584385,2.522423669508928,0.011654924143712367
z_ucla,-1.3056243009129325e-19,144793.75895495378,-9.017131058246234e-25,1.0
soa_scaled,-0.0001722256449385388,0.001263961066756798,-0.1362586629194625,0.8916168012467021
z_dass_dep,6.52684358069291e-19,329796.07909111324,1.9790543291722182e-24,1.0
z_dass_anx,1.932838089101859e-20,,,
z_dass_str,3.746393525364773e-19,221716.2410955357,1.689724445468333e-24,1.0
Group Var,0.0,,,
