factor,gender,n,r,p,beta,beta_p
Factor 1 (Social Isolation),Female,51,-0.1578946398513885,0.2684677897216162,-0.8377693091165519,0.26846778972161733
Factor 1 (Social Isolation),Male,31,0.2570147106354591,0.1627845207571317,1.0833182114761968,0.1627845207571317
Factor 2 (Emotional Loneliness),Female,51,0.19727957572342822,0.1652555587114647,1.2124103401350759,0.1652555587114648
Factor 2 (Emotional Loneliness),Male,31,-0.34553876358967456,0.056918931072100644,-1.542636835059004,0.05691893107210086
