outcome,outcome_variable,n,r2_baseline,r2_with_ucla,delta_r2,ucla_beta,ucla_p,ucla_significant
WCST Perseverative Error,pe_rate,205,0.03397127316828019,0.03398329827697599,1.2025108695801201e-05,0.028847725135869518,0.9603545803716392,False
PRP Bottleneck Effect,prp_bottleneck,204,0.01713699350753206,0.036258511506965574,0.019121517999433513,29.176563303148267,0.04885749139723257,True
Stroop Interference,stroop_interference,205,0.010664167921844658,0.01389578450465423,0.003231616582809571,8.01193221036537,0.42030787706242045,False
