{
  "construct_validity": {
    "kmo": 0.9390682229873047,
    "kmo_interpretation": "Marvelous",
    "bartlett_chi_sq": 2340.687124110245,
    "bartlett_p": 0.0,
    "bartlett_significant": "True",
    "efa_factors": 2,
    "n_participants": 205
  },
  "convergent_discriminant_validity": {
    "UCLA Loneliness_vs_DASS Depression": {
      "r": 0.673489768623537,
      "p": 1.8839770214424656e-28,
      "significant": true
    },
    "UCLA Loneliness_vs_DASS Anxiety": {
      "r": 0.4964631639373102,
      "p": 3.722975788446066e-14,
      "significant": true
    },
    "UCLA Loneliness_vs_DASS Stress": {
      "r": 0.5486418097200658,
      "p": 1.6501319645409417e-17,
      "significant": true
    },
    "DASS Depression_vs_DASS Anxiety": {
      "r": 0.6609369058644742,
      "p": 4.1126651440029905e-27,
      "significant": true
    },
    "DASS Depression_vs_DASS Stress": {
      "r": 0.6746725699403426,
      "p": 1.3979732992512624e-28,
      "significant": true
    },
    "DASS Anxiety_vs_DASS Stress": {
      "r": 0.7473342079651404,
      "p": 6.793751877868345e-38,
      "significant": true
    }
  },
  "criterion_validity": {
    "pe_rate": {
      "beta": 0.028847725135869518,
      "p": 0.9603545803716392,
      "delta_r2": 1.2025108695801201e-05,
      "significant": false
    },
    "prp_bottleneck": {
      "beta": 28.561205595564424,
      "p": 0.05317225006892599,
      "delta_r2": 0.018418158709376575,
      "significant": false
    },
    "stroop_interference": {
      "beta": 8.1355483632938,
      "p": 0.41285258829783267,
      "delta_r2": 0.003336020718343824,
      "significant": false
    }
  },
  "interpretation": {
    "kmo_threshold": ">=0.6 for adequate sampling",
    "bartlett_threshold": "p<0.05 indicates factorability",
    "convergent_validity": "High UCLA-Depression correlation expected (r > 0.5)",
    "discriminant_validity": "UCLA should differ from depression (not identical construct)"
  }
}