,UCLA,DASS-Dep,DASS-Anx,DASS-Str,Stroop Int
UCLA,1.0,0.6747263562025295,0.5031808703468409,0.5528847662921363,0.014377977520702762
DASS-Dep,0.6747263562025295,1.0,0.6614607257318056,0.6727012316258093,-0.03152180639631438
DASS-Anx,0.5031808703468409,0.6614607257318056,1.0,0.7454745173399852,0.011189569948191952
DASS-Str,0.5528847662921363,0.6727012316258093,0.7454745173399852,1.0,0.00852850124807556
Stroop Int,0.014377977520702762,-0.03152180639631438,0.011189569948191952,0.00852850124807556,1.0
