Group,Variable,Column,N,Mean,SD,Min,Max,Median,Skewness,Kurtosis
Total,Age (years),age,219,20.374429223744293,3.3285647261278832,-20.0,29.0,20.0,-7.925671380226653,97.36071515381886
Total,UCLA Loneliness,ucla_score,219,40.538812785388124,11.058315002483322,20.0,73.0,40.0,0.3672542053519148,-0.34096451556895113
Total,DASS-21 Depression,dass_depression,219,7.54337899543379,7.861862975621407,0.0,42.0,4.0,1.7283438545146785,3.4987044598540304
Total,DASS-21 Anxiety,dass_anxiety,219,5.607305936073059,5.917718810465333,0.0,28.0,4.0,1.3337860305329976,1.453438656659169
Total,DASS-21 Stress,dass_stress,219,10.155251141552512,7.604537956272012,0.0,42.0,10.0,0.850854867569038,0.7116633265905068
Total,Stroop Interference Effect,stroop_interference,219,137.82930311715808,100.43908368028804,-94.169444443658,474.18055555721116,122.32777775658496,0.663094415429246,0.39218827619093233
