Variable,Column,Male_N,Male_Mean,Male_SD,Female_N,Female_Mean,Female_SD,t,p,Cohen_d,Significant
Age (years),age,84,21.107142857142858,2.117158001529962,135,19.918518518518518,3.83435345860942,2.9507295456689717,0.0035226314917057825,0.3617996263787515,True
UCLA Loneliness,ucla_score,84,37.904761904761905,11.621147163185343,135,42.17777777777778,10.403692417617796,-2.7527742498414676,0.006585782417226662,-0.3925439058213307,True
DASS-21 Depression,dass_depression,84,6.071428571428571,7.905748578420512,135,8.459259259259259,7.7225807330549605,-2.1927728688169856,0.02965800690114721,-0.30640127150273405,True
DASS-21 Anxiety,dass_anxiety,84,4.761904761904762,6.223970467182712,135,6.133333333333334,5.678974050711688,-1.6391018207793588,0.10310892747081066,-0.23270647466965946,False
DASS-21 Stress,dass_stress,84,9.0,8.269555137289714,135,10.874074074074073,7.096803600055145,-1.7199965538715976,0.08741382439735203,-0.24766856086641223,False
Stroop Interference Effect,stroop_interference,84,131.89267006887124,96.72555590601269,135,141.523208124981,102.86382083808705,-0.6991208157751639,0.4853575730245018,-0.09576882286847763,False
