Variable,Column,N,r,CI_Lower,CI_Upper,p,Significant
DASS-Dep,dass_depression,219,0.6747263562025295,0.5954113585058664,0.7410165913086934,1.8995543883704703e-30,True
DASS-Anx,dass_anxiety,219,0.5031808703468409,0.39709489425131245,0.5959980665574444,1.8580432626928334e-15,True
DASS-Str,dass_stress,219,0.5528847662921363,0.45355386871811404,0.6386483680475845,6.241652722709349e-19,True
Stroop Int,stroop_interference,219,0.012214380052895317,-0.12055691712374304,0.14455637011897737,0.8573656484103102,False
