Variable,N,Mean,SD,Min,Max
age,171,20.333333333333332,3.671832368338248,-20.0,29.0
ucla_score,171,41.22222222222222,11.120081346389817,20.0,70.0
dass_depression,170,7.552941176470588,7.901023650783936,0.0,38.0
dass_anxiety,170,5.435294117647059,5.7077691448768135,0.0,26.0
dass_stress,170,9.988235294117647,7.62275341647958,0.0,30.0
pe_rate,171,10.458249966927424,5.2005178361798885,0.0,34.82142857142857
stroop_interference,171,139.1613256993628,106.58507200863046,-94.169444443658,480.5887301595913
prp_bottleneck,167,591.6975052491337,152.99213180346038,68.33926493840238,981.2900000000024
