,UCLA,DASS-Dep,DASS-Anx,DASS-Str,WCST PE,WCST Acc,Stroop Int,PRP Delay
UCLA,0.0,1.695081091616996e-26,8.155200897559535e-13,5.351572640595966e-15,0.1253486412418655,0.35993809729311954,0.8696420672922022,0.12713778769246856
DASS-Dep,1.695081091616996e-26,0.0,7.802933394298834e-23,5.27406321361228e-25,0.04458004607236619,0.29998997033709346,0.29111347834444173,0.7570187517178615
DASS-Anx,8.155200897559535e-13,7.802933394298834e-23,0.0,1.4400456448403552e-34,0.13828913767513976,0.2734857165991839,0.869994667113712,0.5361096214884727
DASS-Str,5.351572640595966e-15,5.27406321361228e-25,1.4400456448403552e-34,0.0,0.1086879923931416,0.18233237499949584,0.7904487233575289,0.6304151624471968
WCST PE,0.1253486412418655,0.04458004607236619,0.13828913767513976,0.1086879923931416,0.0,5.021696306698992e-22,0.33513754784991584,0.8559811940279506
WCST Acc,0.35993809729311954,0.29998997033709346,0.2734857165991839,0.18233237499949584,5.021696306698992e-22,0.0,0.3551583998622521,0.6035146130436222
Stroop Int,0.8696420672922022,0.29111347834444173,0.869994667113712,0.7904487233575289,0.33513754784991584,0.3551583998622521,0.0,0.03738722662823769
PRP Delay,0.12713778769246856,0.7570187517178615,0.5361096214884727,0.6304151624471968,0.8559811940279506,0.6035146130436222,0.03738722662823769,0.0
