,UCLA,DASS-Dep,DASS-Anx,DASS-Str,WCST PE,WCST Acc,Stroop Int,PRP Delay
UCLA,1.0,0.6724911949905495,0.48787407805499694,0.5262457186062868,-0.11128836224776813,0.06660565346710827,-0.011952848900801007,0.11225701011932311
DASS-Dep,0.6724911949905495,1.0,0.6336205219282184,0.6573321556300151,-0.14590093126694503,0.07558349600437739,-0.07698151326724108,0.022899624055902682
DASS-Anx,0.48787407805499694,0.6336205219282184,1.0,0.7413349225171019,-0.10792739484375655,0.07984475121477767,-0.01195197234225787,0.04577461950989086
DASS-Str,0.5262457186062868,0.6573321556300151,0.7413349225171019,1.0,-0.11674706937049462,0.0971621839664593,-0.019404164647067547,0.03560440871583314
WCST PE,-0.11128836224776813,-0.14590093126694503,-0.10792739484375655,-0.11674706937049462,1.0,-0.624227374553522,0.07011374865775602,0.013397378044786058
WCST Acc,0.06660565346710827,0.07558349600437739,0.07984475121477767,0.0971621839664593,-0.624227374553522,1.0,-0.0672696358927838,-0.03832517474666307
Stroop Int,-0.011952848900801007,-0.07698151326724108,-0.01195197234225787,-0.019404164647067547,0.07011374865775602,-0.0672696358927838,1.0,0.15275662203239104
PRP Delay,0.11225701011932311,0.022899624055902682,0.04577461950989086,0.03560440871583314,0.013397378044786058,-0.03832517474666307,0.15275662203239104,1.0
