,UCLA,DASS-Dep,DASS-Anx,DASS-Str,WCST PE,WCST Acc,Stroop Int,PRP Delay
UCLA,1.0,0.6572567578362979,0.4857404753973538,0.5217458166933989,-0.09848170482790909,0.06393612577672246,-0.00885421581241718,0.12222482955107535
DASS-Dep,0.6572567578362979,1.0,0.6242148124076091,0.6362455435346327,-0.13181097012652307,0.03417932485847571,-0.07272171425421586,0.03355931300101593
DASS-Anx,0.4857404753973538,0.6242148124076091,1.0,0.7379423488235661,-0.09859644258318459,0.061304701974726546,-0.015240713564712557,0.061923589514552464
DASS-Str,0.5217458166933989,0.6362455435346327,0.7379423488235661,1.0,-0.11567971313217625,0.09405424078517248,-0.022159936436671142,0.035664166558756885
WCST PE,-0.09848170482790909,-0.13181097012652307,-0.09859644258318459,-0.11567971313217625,1.0,-0.6169313716743091,0.08075014985878724,0.030464886127675315
WCST Acc,0.06393612577672246,0.03417932485847571,0.061304701974726546,0.09405424078517248,-0.6169313716743091,1.0,-0.06852783028846121,-0.04311187206434542
Stroop Int,-0.00885421581241718,-0.07272171425421586,-0.015240713564712557,-0.022159936436671142,0.08075014985878724,-0.06852783028846121,1.0,0.1614619258082733
PRP Delay,0.12222482955107535,0.03355931300101593,0.061923589514552464,0.035664166558756885,0.030464886127675315,-0.04311187206434542,0.1614619258082733,1.0
