outcome,n,model0_r2,model1_r2,model2_r2,model3_r2,delta_r2_dass,p_dass,delta_r2_ucla,p_ucla_wald,delta_r2_interaction,p_interaction_wald
WCST Perseverative Error Rate,187,0.00017430975121268677,0.023243276152839498,0.02367166675401189,0.02446095304066087,0.02306896640162681,0.23700659038889604,0.00042839060117239036,0.7615691304108613,0.0007892862866489825,0.61573845922329
WCST Accuracy,187,0.011773493507581612,0.04721348390869473,0.04724418705834865,0.049917835510754016,0.03543999040111312,0.08473114741573366,3.070314965392118e-05,0.9407535518090357,0.002673648452405364,0.33408940853350055
Stroop Interference Effect,187,0.016393996435473013,0.02565155093382865,0.028567781509257983,0.029590523442218575,0.009257554498355636,0.6333101999045677,0.002916230575429335,0.4849899524219976,0.0010227419329605913,0.6571880999094384
PRP Delay Effect,182,0.10476046445866705,0.10678502083877006,0.12145438047099888,0.1292872724671702,0.0020245563801030153,0.9403254454098713,0.014669359632228818,0.11057478893401719,0.00783289199617132,0.1810359339223062
