Group,Variable,Column,N,Mean,SD,Min,Max,Median,Skewness,Kurtosis
Total,Age (years),age,192,20.453125,3.6735777423813114,-20.0,36.0,20.0,-6.401652293398738,76.51356600243194
Total,UCLA Loneliness,ucla_score,192,40.619791666666664,11.091066352517739,20.0,70.0,40.0,0.266705389211424,-0.5787797502840699
Total,DASS-21 Depression,dass_depression,191,7.507853403141361,7.775040436481508,0.0,38.0,4.0,1.6037720948608556,2.722497297860497
Total,DASS-21 Anxiety,dass_anxiety,191,5.528795811518324,5.738875565197809,0.0,26.0,4.0,1.2425744030646158,1.0801516268554794
Total,DASS-21 Stress,dass_stress,191,9.895287958115183,7.569295927475443,0.0,30.0,8.0,0.6755181492931164,-0.312887696042603
Total,WCST Perseverative Error Rate,pe_rate,191,10.601182914589804,6.023309285185059,0.0,48.41269841269841,9.67741935483871,2.3055290787911997,9.6801113284668
Total,WCST Accuracy,wcst_accuracy,191,82.58576962097446,10.253220038816973,40.0,100.0,85.18518518518519,-2.061335677538012,5.106053260498685
Total,Stroop Interference Effect,stroop_interference,191,137.30074350891135,103.67468803196212,-94.169444443658,480.5887301595913,124.36111111111109,0.7988444274894593,0.710843162558457
Total,PRP Delay Effect,prp_bottleneck,186,582.1956493529852,153.6548634466833,68.33926493840238,981.2900000000024,578.1327735871391,0.09355857660739718,0.026876292940802404
