Group,Variable,Column,N,Mean,SD,Min,Max,Median,Skewness,Kurtosis
Total,Age (years),age,198,20.474747474747474,3.635257227978821,-20.0,36.0,20.0,-6.416207105341427,77.54055811189953
Total,UCLA Loneliness,ucla_score,198,40.5,10.973317893133158,20.0,70.0,40.0,0.2894563166750263,-0.5262206871267723
Total,DASS-21 Depression,dass_depression,197,7.634517766497462,7.774134665142776,0.0,38.0,4.0,1.5471814268850381,2.519399509877263
Total,DASS-21 Anxiety,dass_anxiety,197,5.583756345177665,5.725822292031186,0.0,26.0,4.0,1.20279393824544,0.9824345982694078
Total,DASS-21 Stress,dass_stress,197,9.918781725888325,7.5073774965418325,0.0,30.0,8.0,0.6723769038095005,-0.29778941322936836
Total,WCST Perseverative Error Rate,pe_rate,197,10.53825509719274,6.002679173502203,0.0,48.41269841269841,9.67741935483871,2.2626372896006073,9.609351342560036
Total,WCST Accuracy,wcst_accuracy,197,82.4548997094215,10.518369560888223,40.0,100.0,85.18518518518519,-2.085869373610535,5.035550674245064
Total,Stroop Interference Effect,stroop_interference,197,137.18674207117346,103.08123069126329,-94.169444443658,480.58873015959125,124.36111111111109,0.7899104419577744,0.6992402151856312
Total,PRP Delay Effect,prp_bottleneck,191,582.4159682652818,154.21212723332542,68.33926493840238,981.2900000000025,580.9278656069939,0.055280968758370415,0.009978038635521269
