Variable,Column,Male_N,Male_Mean,Male_SD,Female_N,Female_Mean,Female_SD,t,p,Cohen_d,Significant
Age (years),age,78,21.102564102564102,2.1537629021539573,117,20.085470085470085,4.344184875671292,1.9156042059058578,0.05689362142973669,0.2800160051013343,False
UCLA Loneliness,ucla_score,78,38.11538461538461,11.078211643887888,117,41.94017094017094,10.670851853571598,-2.414864523453849,0.016673904756766122,-0.35299604930587425,True
DASS-21 Depression,dass_depression,77,5.9480519480519485,7.018577048571851,117,8.564102564102564,7.722989209769589,-2.3922326424520577,0.01771093915457946,-0.3510475800922393,True
DASS-21 Anxiety,dass_anxiety,77,4.7272727272727275,5.821096757838237,117,6.034188034188034,5.3497206242421464,-1.607269020730011,0.10963860986358036,-0.23585828998059127,False
DASS-21 Stress,dass_stress,77,8.727272727272727,7.656501131024406,117,10.581196581196581,7.24954138411446,-1.7041886194973317,0.0899635720721482,-0.25008073223265603,False
WCST Perseverative Error Rate,pe_rate,78,10.498155466780606,6.386265656687585,116,10.576963804520162,5.832547255290983,-0.0888025630722762,0.929331379379007,-0.013003194832854423,False
WCST Accuracy,wcst_accuracy,78,84.05812836330726,8.609938603880968,116,81.59566052189449,11.26283567664078,1.6356534308002708,0.1035504148871317,0.2395057023569482,False
Stroop Interference Effect,stroop_interference,78,123.53593412456988,91.5411717432674,116,145.7831322054012,106.37311943624725,-1.5089490903551797,0.13295559851188896,-0.22095262046408778,False
PRP Delay Effect,prp_bottleneck,77,527.0226564497722,137.23923797113505,111,626.28875936186,146.71344492514555,-4.683186580402291,5.435219321878307e-06,-0.6945660209848248,True
