Variable,Column,Male_N,Male_Mean,Male_SD,Female_N,Female_Mean,Female_SD,t,p,Cohen_d,Significant
Age (years),age,76,21.05263157894737,2.1534142616914522,113,20.079646017699115,4.410097166325805,1.7845116823556089,0.07596180689961947,0.2647306826990836,False
UCLA Loneliness,ucla_score,76,38.28947368421053,11.147275648604232,113,42.0353982300885,10.841330640802868,-2.3028363789739252,0.02238868508437541,-0.34162367933916865,True
DASS-21 Depression,dass_depression,75,5.8933333333333335,7.03576449165135,113,8.389380530973451,7.717597734489877,-2.248359081676921,0.025726841261811045,-0.3348688448951397,True
DASS-21 Anxiety,dass_anxiety,75,4.826666666666667,5.864168182143864,113,5.876106194690266,5.353791619301942,-1.2667231179990504,0.20683823045966646,-0.18866475145506378,False
DASS-21 Stress,dass_stress,75,8.72,7.757402741723374,113,10.548672566371682,7.286228632596758,-1.6420464011459437,0.10227002554348102,-0.24456510799237957,False
WCST Perseverative Error Rate,pe_rate,76,10.64284376853799,6.354365944011798,112,10.586763248785903,5.89326733810551,0.06203010132414242,0.9506054658264216,0.009218613513156029,False
WCST Accuracy,wcst_accuracy,76,83.93230843301835,8.677756569299033,112,81.90216023945017,10.833417964304708,1.3632962883978728,0.1744370683448443,0.20260649778704581,False
Stroop Interference Effect,stroop_interference,76,122.71977904196889,91.76820087307594,112,146.59461439762728,107.03792587081297,-1.58808942440103,0.11396455000662954,-0.23601416595116156,False
PRP Delay Effect,prp_bottleneck,75,528.685986955235,134.93879609104957,108,624.9471171772474,147.85512366721878,-4.487412739292385,1.279243315972865e-05,-0.6744954928489496,True
