Variable,Column,N,r,CI_Lower,CI_Upper,p,Significant
DASS-Dep,dass_depression,191,0.6724911949905495,0.5865102033690578,0.7434840720508225,1.695081091616996e-26,True
DASS-Anx,dass_anxiety,191,0.48787407805499694,0.37163505918094836,0.5890527277584936,8.155200897559535e-13,True
DASS-Str,dass_stress,191,0.5262457186062868,0.4152934363558752,0.6217705710157114,5.351572640595966e-15,True
WCST PE,pe_rate,191,-0.11128836224776813,-0.24933062358726943,0.031186329275973063,0.1253486412418655,False
WCST Acc,wcst_accuracy,191,0.06660565346710827,-0.07609588836916398,0.20663348064397152,0.35993809729311954,False
Stroop Int,stroop_interference,191,-0.011952848900801007,-0.15367396894503382,0.13025011541824558,0.8696420672922022,False
PRP Delay,prp_bottleneck,186,0.11225701011932311,-0.03214414279233572,0.2520676426013037,0.12713778769246856,False
