Variable,Column,N,r,CI_Lower,CI_Upper,p,Significant
DASS-Dep,dass_depression,197,0.6572567578362979,0.5698150171066723,0.7299818355554113,9.677243670843245e-26,True
DASS-Anx,dass_anxiety,197,0.4857404753973538,0.371145079758031,0.5857621550407217,4.653808393542541e-13,True
DASS-Str,dass_stress,197,0.5217458166933989,0.4119983787712623,0.6165718397770528,3.786918823792945e-15,True
WCST PE,pe_rate,197,-0.09848170482790909,-0.23504397093484275,0.04189331475509229,0.16857117720794348,False
WCST Acc,wcst_accuracy,197,0.06393612577672246,-0.07654630769393307,0.20192949834804969,0.37207721829843254,False
Stroop Int,stroop_interference,197,-0.00885421581241718,-0.14846869112865035,0.13110631853541108,0.9017219409438628,False
PRP Delay,prp_bottleneck,191,0.12222482955107535,-0.020106002661277336,0.25969998812837974,0.09210174663640919,False
