gender,metric,n,r,p
male,congruent_rt_cv,68,0.047710456437215706,0.6992326495936261
male,incongruent_rt_cv,68,0.012081114271209009,0.9221070241941758
male,rt_cv_ratio,68,-0.01930329088604768,0.8758419726806754
female,congruent_rt_cv,106,0.04244373060982956,0.6657425641596824
female,incongruent_rt_cv,106,0.1844623051465541,0.05836912234429475
female,rt_cv_ratio,106,0.07861204632072175,0.4231289348167126
