gender,n,congruent_rt_sd_r,congruent_rt_sd_p,incongruent_rt_sd_r,incongruent_rt_sd_p,variability_ratio_sd_r,variability_ratio_sd_p,congruent_rt_cv_r,congruent_rt_cv_p,incongruent_rt_cv_r,incongruent_rt_cv_p,variability_ratio_cv_r,variability_ratio_cv_p
male,30,0.10875772763679077,0.5672676968246849,0.03722041656905027,0.8451819796752011,-0.09936226870885001,0.6013917134604243,0.0288861836762316,0.8795618703601122,-0.09028233216862873,0.6351749860946059,-0.11558505907061717,0.5430357142467915
female,46,-0.2016603653374144,0.17896747191152654,-0.05552349989979242,0.7139935153957482,0.15480953161106356,0.30428717401034033,-0.18898450179831627,0.208445420366417,0.000627670510939593,0.9966968404068707,0.1621423863769054,0.28166689249435284
