gender,n,pearson_r,pearson_p,spearman_rho,spearman_p,ucla_mean,ucla_sd,wcst_mean,wcst_sd
여성,45,-0.24910081516660842,0.09891774990575282,-0.27504040802246976,0.06746675238968397,41.62222222222222,12.66578944330839,10.854956150915516,5.032060358024865
남성,27,0.24054048033831474,0.22682216961576263,0.2861511445018876,0.14790057939404205,41.888888888888886,12.198150343182027,10.139332637985753,3.883908344729191
