scenario,n,removed,beta,p_value
±2 SD,69,3,1.8027374999085675,0.03864155208224068
±3 SD,71,1,2.240537670198223,0.025541552300165696
Robust,72,0,2.1019695085834247,0.01348532224094494
