Mediator,Male_Indirect,Male_CI_Lower,Male_CI_Upper,Male_Significant,Female_Indirect,Female_CI_Lower,Female_CI_Upper,Female_Significant,Difference_M_minus_F
DASS_Total,-0.3320665700362054,-1.5428174022586192,1.0516931818654596,No,-0.341980123916932,-1.2963886945910883,0.43413996935293975,No,0.009913553880726622
DASS_Anxiety,-0.16444281545430992,-0.8593927289981186,0.4658891063247353,No,-0.07436365639238067,-0.7999251790887687,0.5837180654343009,No,-0.09007915906192925
DASS_Stress,-0.2400942441946793,-1.3463338376918126,0.9310253725155523,No,-0.07528887417132861,-0.6863836734130455,0.43345219398426854,No,-0.16480537002335072
DASS_Depression,-0.32671439234636657,-1.4840616645292264,0.9219653422993506,No,-0.6377898094603048,-1.5858684850137257,0.08647072151454213,No,0.31107541711393827
