Mediator,Male_Indirect,Male_CI_Lower,Male_CI_Upper,Male_Significant,Female_Indirect,Female_CI_Lower,Female_CI_Upper,Female_Significant,Difference_M_minus_F
DASS_Total,-1.9037813049573848,-4.564933090684836,0.5644619833078429,No,-0.4030040491806807,-1.8290288148661082,1.0070978761925315,No,-1.500777255776704
DASS_Anxiety,-0.9256915024164135,-2.5819251024915832,0.3841468831029715,No,0.12245064212803182,-0.898872711682404,1.1924967458839246,No,-1.0481421445444454
DASS_Stress,-1.5490558004939257,-3.9835889526085846,0.42528047496156807,No,-0.21174010793169667,-1.3862932454566836,0.6575968521863896,No,-1.337315692562229
DASS_Depression,-1.430359873779242,-3.907016738651224,0.44691041361764555,No,-0.7009526858298234,-1.7946458042437485,0.29042459160294204,No,-0.7294071879494186
