Mediator,Indirect_Effect,Indirect_CI_Lower,Indirect_CI_Upper,Direct_Effect,Total_Effect,Path_a,Path_b,Significant
DASS_Anxiety,-0.23725571229365777,-1.0009344346153273,0.4240484322376258,-0.0038309808136407666,-0.2410866931072983,0.5804757073697987,-0.4113522346970475,No
DASS_Stress,-0.3818928304486212,-1.4367024576663776,0.4408460704930349,0.14080613734132233,-0.2410866931072983,0.5730870968736465,-0.6446926757980752,No
DASS_Depression,-0.5931886477384057,-1.5331387945557686,0.2256537230527881,0.35210195463110744,-0.2410866931072983,0.7046124572143343,-0.847807237443013,No
