n_trials,n_participants,re_formula,method,converged,fit_note,warning_count,boundary_warning,warning_msg,llf,aic,bic,trial_scaled_beta,trial_scaled_se,trial_scaled_z,trial_scaled_p,cond_beta,cond_se,cond_z,cond_p,interference_time_beta,interference_time_se,interference_time_z,interference_time_p,ucla_beta,ucla_se,ucla_z,ucla_p,interference_time_x_ucla_beta,interference_time_x_ucla_se,interference_time_x_ucla_z,interference_time_x_ucla_p
14986,212,1 + trial_scaled,lbfgs,True,,0,False,,-3029.464137136689,6092.928274273378,6222.38109335909,-0.14618678216629316,0.01241062988675936,-11.779158954877605,4.998936495924184e-32,0.1332151622328373,0.009335752653272777,14.269354296371262,3.3970940417750765e-46,0.005548019313980992,0.016109907407526207,0.3443855494407792,0.7305563548653105,0.012909403527837201,0.018449316024097485,0.6997226081972712,0.48410055462671453,0.05089680936999309,0.01621586858904366,3.1387038622391032,0.0016969684919568343
