depression,anxiety,stress,outcome,n,n_female,n_male,interaction_beta,interaction_pval,female_corr,male_corr,q_value
Low,Low,Low,pe_rate,14,7,7,4.937155348263672,0.1705292259849237,0.5130214628717977,0.8387533304551402,0.49373859484172533
Low,Low,Low,wcst_accuracy,14,7,7,-7.3222066314316905,0.5115198622513653,-0.7204240895452019,-0.747892188183095,0.6820264830018203
High,High,High,pe_rate,14,8,6,0.8416439936474496,0.7005658535957975,-0.3230793843221882,-0.2623868542208004,0.7005658535957975
High,High,High,wcst_accuracy,14,8,6,-4.138845181199626,0.24686929742086267,0.7421395372425228,0.8883435029816357,0.49373859484172533
