task,lag,n,correlation,p_value,gender
WCST,1,151,0.03914626431690128,0.6332033375198368,
WCST,1,56,-0.03005911280390683,0.8259349998780285,male
WCST,1,93,0.04972535401237862,0.6359696449386084,female
