task,lag,n,correlation,p_value,gender
WCST,1,162,0.030689335219101454,0.6982542806950811,
WCST,1,61,-0.04817091407430799,0.7123828927265771,male
WCST,1,99,0.05421370308627645,0.5940605835780156,female
