gender,z,p
Female,-0.06452263467678003,0.9485540847949805
Male,-0.18691985112353388,0.8517234745595197
