model,term,beta,se,t,p
Loneliness predicting PRP Bottleneck Effect,Intercept,630.6315550234868,13.717779971930618,45.97183774006347,0.0
Loneliness predicting PRP Bottleneck Effect,C(gender_male)[T.1],-99.69857894412473,20.17420251609806,-4.941884511398653,7.737104452922718e-07
Loneliness predicting PRP Bottleneck Effect,z_ucla,1.892120651499293,13.785608693764733,0.1372533265328432,0.8908305612313572
Loneliness predicting PRP Bottleneck Effect,z_ucla:C(gender_male)[T.1],29.9409141216485,20.033194895972553,1.4945651094158616,0.13502797765586685
Loneliness predicting PRP Bottleneck Effect,z_age,26.471282328350163,9.161239179288435,2.8894870890606112,0.003858708522291828
