model,term,beta,se,t,p
DASS Anxiety outcome,Intercept,0.06291406513990513,0.3418646504592778,0.18403208712975527,0.8539882829111007
DASS Anxiety outcome,C(gender_male)[T.1],-0.033814220730601634,0.5219690826768482,-0.064782037581977,0.9483475433377249
DASS Anxiety outcome,prp_bottleneck,-3.9748871572747906e-05,0.0005437301357909869,-0.073104043635403,0.9417233239149482
DASS Anxiety outcome,prp_bottleneck:C(gender_male)[T.1],-0.00010486231734690426,0.0009325814353261314,-0.11244306757000051,0.9104721088442612
DASS Anxiety outcome,z_ucla,0.48276395355042273,0.1054836132200344,4.5766725163594595,4.724301344415046e-06
DASS Anxiety outcome,z_ucla:C(gender_male)[T.1],0.0320206430736094,0.17521324401300742,0.18275241266140965,0.8549922888602892
DASS Anxiety outcome,z_age,0.021025493337979484,0.09535641409320648,0.2204937500840587,0.8254866393262539
