metric,beta_ucla,se_ucla,p_ucla,r_squared,n
sustained_attention_index,-0.012530409627919601,0.0937187649216396,0.8936380268205176,0.018090698490443757,171
