task,metric,beta_ucla,se_ucla,p_ucla,r_squared,n
stroop,tau_slope,2.993137809209655,17.47236113461351,0.863982374807012,0.013324948031637751,171
