task,effect,beta,se,p,r_squared,n_trials,n_participants
stroop,trial_x_ucla,-2.4173269404473863,7.204932659696496,0.7372404042265729,0.06647050506829788,684,171
