,ucla_score,dass_depression,dass_anxiety,dass_stress,pe_rate,stroop_interference,prp_bottleneck
ucla_score,1.0,0.503217923063728,0.11720310268849982,0.018592594493039172,-0.03310016566627386,0.038248196437100875,0.07599789044023683
dass_depression,0.5032179230637281,1.0,0.15721846746944731,0.25063010806136155,-0.11330660988456029,-0.04038486032344564,-0.051460140074125096
dass_anxiety,0.11720310268849979,0.15721846746944726,1.0,0.5667077187436265,-0.06730803014053963,0.04216354703149094,0.11782463892982885
dass_stress,0.0185925944930392,0.2506301080613617,0.5667077187436262,1.0,0.04754749769350285,-0.0709675127010307,-0.2041691093625088
pe_rate,-0.03310016566627388,-0.1133066098845603,-0.06730803014053957,0.04754749769350282,1.0,0.08633701590389033,0.09120825581220181
stroop_interference,0.03824819643710087,-0.040384860323445626,0.04216354703149094,-0.07096751270103072,0.08633701590389033,1.0,0.022166281882629608
prp_bottleneck,0.07599789044023682,-0.051460140074125055,0.11782463892982885,-0.2041691093625088,0.09120825581220184,0.022166281882629604,1.0
