,ucla_score,dass_depression,dass_anxiety,dass_stress,pe_rate,stroop_interference,prp_bottleneck
ucla_score,1.0,0.507218314437158,-0.1012389138915863,0.17107420995131925,-0.039616072731608845,0.11702644337582481,0.12710488351816568
dass_depression,0.507218314437158,1.0,0.21650852692303188,0.28699922832978025,0.03011763481904644,-0.1989807880528581,-0.12997446348333977
dass_anxiety,-0.10123891389158632,0.21650852692303188,1.0,0.5980944244703015,0.0337902176813799,0.12176948490358916,-0.14501113799528223
dass_stress,0.17107420995131922,0.2869992283297801,0.5980944244703014,1.0,-0.14106134455669195,0.005866102975612379,0.28314204397894244
pe_rate,-0.03961607273160885,0.030117634819046443,0.0337902176813799,-0.14106134455669195,1.0,0.06844975058737904,0.07130292614737271
stroop_interference,0.11702644337582481,-0.1989807880528581,0.12176948490358917,0.005866102975612364,0.06844975058737902,1.0,0.18699668646906867
prp_bottleneck,0.12710488351816568,-0.1299744634833398,-0.14501113799528226,0.2831420439789425,0.07130292614737273,0.18699668646906864,1.0
