,ucla_score,dass_depression,dass_anxiety,dass_stress,pe_rate,stroop_interference,prp_bottleneck
ucla_score,1.0,0.49863179028892285,0.01497917226654327,0.09885060731495904,-0.03502455201876901,0.0559125599437104,0.10944207037025323
dass_depression,0.49863179028892274,1.0,0.23407133806755281,0.2451017015507893,-0.06253160767731458,-0.09688376009809946,-0.0556179743836552
dass_anxiety,0.014979172266543163,0.23407133806755281,1.0,0.5653823920236114,-0.025524468839939626,0.0404471065824726,0.028224202541653944
dass_stress,0.09885060731495908,0.2451017015507893,0.5653823920236115,1.0,-0.021029237941209315,-0.005279114803359205,-0.01317195718585169
pe_rate,-0.03502455201876901,-0.06253160767731455,-0.02552446883993961,-0.021029237941209325,1.0,0.06578435057330069,0.079904196925647
stroop_interference,0.055912559943710416,-0.09688376009809946,0.04044710658247259,-0.0052791148033592,0.06578435057330069,1.0,0.1495144672169274
prp_bottleneck,0.10944207037025326,-0.055617974383655205,0.02822420254165394,-0.013171957185851684,0.079904196925647,0.1495144672169274,1.0
