depression,anxiety,stress,cell_label,outcome,n,n_female,n_male,interaction_beta,interaction_pval,female_corr,female_p,male_corr,male_p,q_value
Low,Low,Low,LowDep×LowAnx×LowStress,pe_rate,23,14,9,5.231258848649458,0.050340033558604995,0.06044575476148161,0.8373635087261089,0.6778205226096633,0.04481349846553871,0.20136013423441998
Low,Low,Low,LowDep×LowAnx×LowStress,wcst_accuracy,23,14,9,-11.326646564578194,0.13921607405641062,-0.18218904683981557,0.5330312782272267,-0.5973783246569085,0.08938367742892873,0.2054306087463917
High,High,High,HighDep×HighAnx×HighStress,pe_rate,23,14,9,1.9823639556747656,0.20871465610893483,-0.2828175244601071,0.3272117546308416,0.348297235328848,0.35832590461454045,0.20871465610893483
High,High,High,HighDep×HighAnx×HighStress,wcst_accuracy,23,14,9,-4.6559420394307445,0.15407295655979378,0.48699906434598417,0.0773738053561467,0.0073822591335616985,0.9849616681636413,0.2054306087463917
