gender,z,p
Female,0.12730520288254754,0.8986988425097646
Male,0.2175310573011738,0.8277945061879697
