segment,congruent,incongruent,neutral
1.0,0.3302760307477289,0.3332459818308875,0.33647798742138363
2.0,0.3363906359189378,0.3334206848357792,0.330188679245283
