segment,congruent,incongruent,neutral
1.0,0.3309748427672956,0.337395178197065,0.3316299790356394
2.0,0.32914046121593293,0.3316299790356394,0.33922955974842767
3.0,0.3398846960167715,0.3309748427672956,0.32914046121593293
