method,n,r,r_sb,n_perm,r_ci_low,r_ci_high
odd_even,197,0.4879059996631426,0.6558290641661544,,,
perm_mean,197,0.4015262810000055,0.5729843049586081,500.0,0.3011295503954887,0.49273910730415493
