n,mean,sd,t,p
212,139.46616166950918,104.26386222396147,19.47614372099964,4.968813605143455e-49
