n,mean,sd,t,p
197,138.25840534445837,103.81385454700951,18.692583964656226,1.9622335923829476e-45
