segment,congruent,incongruent,neutral
1,0.3304192517390487,0.33258131227674376,0.33699943598420756
2,0.33624741492761795,0.33408535438992293,0.3296672306824591
