outcome,n,ucla_beta,ucla_se,ucla_t,ucla_p,r2,adj_r2,delta_r2_ucla
exploration,191,60.647570567561075,76.75653194498089,0.7901291138457542,0.43046948073027524,0.034433415947586865,0.002947549076312561,0.003276125525364937
confirmation,191,100.81733020171448,46.61758253939071,2.162646038466845,0.03185883347266641,0.04051138083992867,0.009223708476013392,0.024388938177309583
exploitation,191,3.1153303785426427,27.28500321839006,0.11417738724849824,0.909221667707206,0.07278481801291803,0.04254954033942626,6.569357740937587e-05
confirmation_minus_exploitation,191,97.70199982317187,36.75648576074791,2.658088710088477,0.008550419758361003,0.04379427008893899,0.012613648461404448,0.03671744563122126
pre_exploitation,191,99.03846955834167,44.83722189973465,2.208844914161102,0.028420258340265972,0.049860076829044475,0.018877253247382986,0.02519417797090029
pre_exploitation_minus_exploitation,191,95.92313917979908,34.68104730311402,2.7658662768003004,0.006256186995358512,0.05034205146456128,0.019374944447101417,0.03948314537401143
