outcome_column,n,ucla_beta,ucla_se,ucla_t,ucla_p,r2,adj_r2,cov_type,outcome,outcome_type,confirm_len,include_errors,use_log,merge_pre
rt_ms_pre_exploitation,197,96.82865033210982,44.97000828274868,2.1531828440702125,0.032564648014322614,0.06705550817354056,0.03759410316849443,OLS,pre_exploitation,phase_mean,4,True,False,True
rt_ms_exploitation,197,27.298865588288233,30.549157529429454,0.8936045310575239,0.3726640043321402,0.0727703135481702,0.04348937608127024,OLS,exploitation,phase_mean,4,True,False,True
pre_exploitation_minus_exploitation,197,69.52978474382152,31.06264874013262,2.23837269401916,0.026357362306119608,0.042642170180263395,0.012409817659639999,OLS,pre_exploitation_minus_exploitation,phase_contrast,4,True,False,True
