outcome,n,ucla_beta,ucla_se,ucla_t,ucla_p,r2,adj_r2,delta_r2_ucla,confirm_len
exploration,208,107.97921705870772,88.83221700296106,1.2155411707793855,0.2255855239068058,0.04286870502498075,0.014297621592890497,0.007035821377877838,2
confirmation,208,157.51720917108105,64.59127074061026,2.438676424305828,0.015609540194339997,0.04791917188507844,0.019498848657767298,0.02816995298050018,2
exploitation,208,49.968506286059394,38.88221450059161,1.2851250096698865,0.20022746454229856,0.05433687034519785,0.02610812020624842,0.007770181262806708,2
confirmation_minus_exploitation,208,107.54870288502164,49.11731815648445,2.1896289724609708,0.029702335044766038,0.03129675651044772,0.0023802417794162034,0.023106584672690555,2
exploration,208,107.97921705870772,88.83221700296106,1.2155411707793855,0.2255855239068058,0.04286870502498075,0.014297621592890497,0.007035821377877838,4
confirmation,208,118.09042803074902,47.44300491024036,2.4891009381503095,0.013618531968370566,0.058437929676417144,0.03033159921899664,0.02902270682118102,4
exploitation,208,18.043253475852765,33.25288694441266,0.5426071277965986,0.5880014530680722,0.06887941505406969,0.041084770727325415,0.0013638947556813275,4
confirmation_minus_exploitation,208,100.04717455489624,34.89176699757209,2.867357636598282,0.004580395098086301,0.05247813711978411,0.024193902406941747,0.03875760311802445,4
