phase,n,r,spearman_brown
exploration,164,0.17713626427245427,0.30096135791370904
confirmation,181,0.5710369614843667,0.7269554765214848
exploitation,181,0.6882164857800355,0.8153178121134708
pre_exploitation,181,0.6144383077992044,0.7611790488752762
