n,mean_categories,sd_categories,n_complete6,pct_complete6
197,5.812182741116751,0.7355782170334305,181,91.87817258883248
