outcome_column,n,ucla_beta,ucla_se,ucla_t,ucla_p,r2,adj_r2,cov_type,outcome,outcome_type,confirm_len,include_errors,use_log,merge_pre
rt_ms_pre_exploitation,197,115.33743380384628,57.08769196354474,2.0203555238754243,0.0447506011617237,0.05501430635619131,0.02517265287270254,OLS,pre_exploitation,phase_mean,2,True,False,True
rt_ms_exploitation,197,43.42558460817478,38.06587848320915,1.1408007995225908,0.2553887174980875,0.059691643801515926,0.029997695711037387,OLS,exploitation,phase_mean,2,True,False,True
pre_exploitation_minus_exploitation,197,71.91184919567152,44.890565742293916,1.601936799114994,0.11083081765394287,0.029237925703997414,-0.001417718747455332,OLS,pre_exploitation_minus_exploitation,phase_contrast,2,True,False,True
