outcome_column,n,ucla_beta,ucla_se,ucla_t,ucla_p,r2,adj_r2,cov_type,outcome,outcome_type,confirm_len,include_errors,use_log,merge_pre
rt_ms_pre_exploitation,212,134.1212795311963,59.377460555401534,2.2587911014829576,0.024948928833404164,0.0557198135509932,0.02808234467931492,OLS,pre_exploitation,phase_mean,2,True,False,True
rt_ms_exploitation,212,49.97874163241558,37.97573191282501,1.3160705301781677,0.18962008291279442,0.060388334548967526,0.032887505316254395,OLS,exploitation,phase_mean,2,True,False,True
pre_exploitation_minus_exploitation,212,84.14253789878072,44.678379175793005,1.8832943238095265,0.06107643976996748,0.02747071173927751,-0.0009935601122559312,OLS,pre_exploitation_minus_exploitation,phase_contrast,2,True,False,True
