outcome_column,n,ucla_beta,ucla_se,ucla_t,ucla_p,r2,adj_r2,cov_type,outcome,outcome_type,confirm_len,include_errors,use_log,merge_pre
rt_ms_pre_exploitation,212,118.72774613558357,45.893400588544765,2.587033094366484,0.010372300279865734,0.0688787818868124,0.041626453551792286,OLS,pre_exploitation,phase_mean,4,True,False,True
rt_ms_exploitation,212,22.230510338631234,32.93103724802882,0.6750625609268321,0.5003966892940308,0.08082430141430019,0.053921598041060226,OLS,exploitation,phase_mean,4,True,False,True
pre_exploitation_minus_exploitation,212,96.49723579695228,32.852562234842836,2.9372818810037606,0.0036897970098410337,0.06023866840493264,0.032733458699711115,OLS,pre_exploitation_minus_exploitation,phase_contrast,4,True,False,True
