phase,n,r,spearman_brown
exploration,173,0.18290942201282187,0.30925347048396284
confirmation,193,0.5825234276139657,0.7361956448155207
exploitation,193,0.6949469763236761,0.8200220845032091
pre_exploitation,193,0.6328088084700285,0.7751168479584353
exploitation,193,0.6949469763236761,0.8200220845032091
