Age_Group,N,UCLA_x_Gender_Beta,UCLA_x_Gender_p,Significant
Younger,34,0.3966009880890844,0.025391889254072167,Yes
Older,38,0.04276373404560888,0.6438355870017753,No
