Age_Group,N,UCLA_x_Gender_Beta,UCLA_x_Gender_p,Significant
Younger,65,0.22178318392304872,0.11402633746602887,No
Older,84,0.0018081610724734673,0.9855036071430172,No
