Age_Group,N,UCLA_x_Gender_Beta,UCLA_x_Gender_p,Significant
Younger,34,0.3738346522059989,0.027538458847569728,Yes
Older,38,0.04498141085146551,0.6127022011021919,No
