Quartile,Age_Range,N,N_Male,N_Female,UCLA_x_Gender_Beta,UCLA_x_Gender_p,Significant
Q1_Youngest,18-19,34,15,19,0.3738346522059989,0.027538458847569728,Yes
Q3,21-21,12,4,8,-0.4497470927567624,0.017794307254005666,Yes
Q4_Oldest,22-29,17,7,10,0.058730195899152675,0.7094630973219578,No
