Quartile,Age_Range,N,N_Male,N_Female,UCLA_x_Gender_Beta,UCLA_x_Gender_p,Significant
Q1_Youngest,-20-19,65,25,40,0.22178318392304872,0.11402633746602887,No
Q2,20-20,22,3,19,-0.09026996061415941,0.6010546729529073,No
Q3,21-22,43,16,27,-0.025249916086530544,0.8874928160178155,No
Q4_Oldest,23-29,19,12,7,-0.3148064966984924,0.37423288664383314,No
