Quartile,Age_Range,N,N_Male,N_Female,UCLA_x_Gender_Beta,UCLA_x_Gender_p,Significant
Q1_Youngest,18-19,34,15,19,0.3966009880890844,0.025391889254072167,Yes
Q3,21-21,12,4,8,-0.6172626068298995,0.003289351387701166,Yes
Q4_Oldest,22-29,17,7,10,0.032715569280648636,0.8570016098320343,No
