segment,congruent,incongruent,neutral
1,0.3409329140461216,0.3280922431865828,0.3309748427672956
2,0.3210167714884696,0.3466981132075472,0.33228511530398325
3,0.32887840670859536,0.3249475890985325,0.34617400419287214
4,0.32940251572327045,0.33831236897274636,0.33228511530398325
5,0.3448637316561845,0.3275681341719078,0.3275681341719078
6,0.33490566037735847,0.33438155136268344,0.3307127882599581
