segment,cond,count,total_segment,proportion
1,congruent,2526,7632,0.3309748427672956
1,incongruent,2575,7632,0.337395178197065
1,neutral,2531,7632,0.3316299790356394
2,congruent,2512,7632,0.32914046121593293
2,incongruent,2531,7632,0.3316299790356394
2,neutral,2589,7632,0.33922955974842767
3,congruent,2594,7632,0.3398846960167715
3,incongruent,2526,7632,0.3309748427672956
3,neutral,2512,7632,0.32914046121593293
