outcome,outcome_column,n,model0_r2,model1_r2,model2_r2,delta_r2_ucla_first,delta_r2_dass_after_ucla,p_ucla_first,p_dass_after_ucla
Stroop Interference RT,stroop_interference,212,0.011107502067758679,0.011123728775192188,0.0168784503867635,1.6226707433508736e-05,0.005754721611571312,0.9534686355422272,0.7531520339792435
WCST Perseverative Error Rate (%),wcst_perseverative_error_rate,212,0.002070308000163945,0.017196471968802918,0.029275968637669236,0.015126163968638973,0.012079496668866319,0.07503506875949839,0.46785520166346617
Stroop Interference RT Slope,stroop_interference_slope,212,0.00858655056905222,0.08360019032724963,0.09972112349527429,0.07501363975819741,0.016120933168024654,5.3322207753592536e-05,0.30216451472524114
"WCST Confirmation RT (ms, all trials)",wcst_confirmation_rt_all,212,0.020086436141569908,0.03466583642776799,0.05521090588284472,0.014579400286198085,0.020545069455076725,0.07779135685128463,0.21946458208345782
"WCST Exploitation RT (ms, all trials)",wcst_exploitation_rt_all,212,0.057672804458706595,0.06019955708978553,0.07653501118976624,0.0025267526310789323,0.016335454099980717,0.45541531290418324,0.30760399490420975
"WCST Confirmation - Exploitation RT (ms, all trials)",wcst_confirmation_minus_exploitation_rt_all,212,0.005849410193929483,0.018397203108903692,0.04010446427336001,0.01254779291497421,0.021707261164456315,0.10448802265884526,0.20393659590519617
