outcome_column,n,ucla_beta,ucla_se,ucla_t,ucla_p,r2,adj_r2,cov_type,outcome,outcome_type,confirm_len,include_errors,use_log,merge_pre
rt_ms_pre_exploitation,212,122.57286375788941,47.208931023060245,2.5963914264022625,0.010102879747590018,0.06048733611715573,0.032989404491316376,OLS,pre_exploitation,phase_mean,3,True,False,True
rt_ms_exploitation,212,27.14788712573,36.50672032974284,0.7436408113497944,0.4579452518127297,0.07096365889650746,0.04377235135201496,OLS,exploitation,phase_mean,3,True,False,True
pre_exploitation_minus_exploitation,212,95.42497663215951,38.06728905943007,2.5067447404301237,0.012961576234058723,0.0451997449275926,0.017254371608400154,OLS,pre_exploitation_minus_exploitation,phase_contrast,3,True,False,True
