outcome_column,n,ucla_beta,ucla_se,ucla_t,ucla_p,r2,adj_r2,cov_type,outcome,outcome_type,confirm_len,include_errors,use_log,merge_pre
rt_ms_pre_exploitation,212,134.1212795311963,59.377460555401505,2.258791101482959,0.024948928833404063,0.0557198135509932,0.02808234467931492,OLS,pre_exploitation,phase_mean,2,True,False,True
rt_ms_exploitation,212,49.97874163241561,37.97573191282499,1.3160705301781694,0.18962008291279392,0.060388334548967304,0.03288750531625417,OLS,exploitation,phase_mean,2,True,False,True
pre_exploitation_minus_exploitation,212,84.14253789878066,44.67837917579298,1.883294323809526,0.06107643976996756,0.027470711739277842,-0.0009935601122554871,OLS,pre_exploitation_minus_exploitation,phase_contrast,2,True,False,True
