node,label,community,strength,strength_z,betweenness,closeness,eigenvector,bridge_strength,bridge_ratio,degree
z_ucla,UCLA Loneliness,Affect,0.5937671858811392,-0.04007675824877556,0.0,0.08588981584998365,0.36122098910285944,0.0538440859073985,0.09068215150268856,5
z_dass_dep,DASS Depression,Affect,1.1199883867670153,1.328981352886728,0.4666666666666667,0.10485110165142544,0.550768311188754,0.15568716611809966,0.13900783968618627,4
z_dass_anx,DASS Anxiety,Affect,0.9169104466269195,0.8006379477304142,0.0,0.09613925017821286,0.5319154126928524,0.034115860232480304,0.03720740706792455,5
z_dass_str,DASS Stress,Affect,0.9186103511105781,0.8050605517942387,0.26666666666666666,0.10171080094700047,0.4976591551275087,0.18958735786491954,0.20638495705574506,6
pe_rate,WCST PE Rate,Executive,0.30103095407714525,-0.8016821665824058,0.2,0.08374131251060835,0.13258875366872272,0.18091948970980332,0.6009996223293338,5
stroop_interference,Stroop Interference,Executive,0.11671988585072418,-1.2812002143209564,0.0,0.03285795037536488,0.03892994243525631,0.05339201009532119,0.4574371342652399,4
prp_bottleneck,PRP Bottleneck (ms),Executive,0.2971724647665253,-0.8117207132592423,0.0,0.06527488504825693,0.12837330509871933,0.1989229703177735,0.6693856056753378,5
