outcome,outcome_label,parameter,posterior_mean,posterior_sd,hdi_3%,hdi_97%,rope_in,prob_direction,n_obs
wcst_recovery_tau,WCST Recovery Time Constant,b_ucla,-0.15214963935097023,0.21269136325743263,-0.5517386634676212,0.2512007541103974,0.2815,0.767,45
wcst_recovery_tau,WCST Recovery Time Constant,b_ucla_x_gender,0.22032072849483278,0.30963663703851324,-0.37096548554620495,0.8233205621305889,0.2035,0.775,45
stroop_cse,Stroop Conflict Adaptation (CSE),b_ucla,-0.19872482362578864,0.11674899068855732,-0.4188708103278261,0.01736707358917485,0.192,0.9595,173
stroop_cse,Stroop Conflict Adaptation (CSE),b_ucla_x_gender,0.22180624317760295,0.14989908303833172,-0.06849283860865371,0.4935968625273651,0.1855,0.931,173
