outcome,outcome_label,parameter,posterior_mean,posterior_sd,hdi_3%,hdi_97%,rope_in,prob_direction,n_obs
wcst_recovery_tau,WCST Recovery Time Constant,b_ucla,-0.18340225515922473,0.2127341680837359,-0.5807418104185011,0.21764660168763145,0.2615,0.8085,41
wcst_recovery_tau,WCST Recovery Time Constant,b_ucla_x_gender,0.23214261898570832,0.3104353185361756,-0.35308841013851927,0.8164989721970116,0.1945,0.777,41
stroop_cse,Stroop Conflict Adaptation (CSE),b_ucla,-0.21341966039840474,0.11845859525788621,-0.42988457526344975,0.008440306184629277,0.172,0.9635,165
stroop_cse,Stroop Conflict Adaptation (CSE),b_ucla_x_gender,0.18374756370051573,0.1541624099700186,-0.11221067259378434,0.4632444682796915,0.259,0.879,165
