outcome,outcome_label,parameter,posterior_mean,posterior_sd,hdi_3%,hdi_97%,rope_in,prob_direction,n_obs
wcst_recovery_tau,WCST Recovery Time Constant,b_ucla,-0.1906672592359041,0.21580453195123858,-0.5945395836795067,0.2263033781129861,0.247,0.8089999999999999,37
wcst_recovery_tau,WCST Recovery Time Constant,b_ucla_x_gender,0.007022319922501428,0.34042205767996603,-0.6422753940387598,0.6351464395694848,0.2485,0.5145,37
stroop_cse,Stroop Conflict Adaptation (CSE),b_ucla,-0.23980861127986677,0.12009000485316043,-0.4657905211772352,-0.007232936397155177,0.114,0.9755,155
stroop_cse,Stroop Conflict Adaptation (CSE),b_ucla_x_gender,0.2147383205397923,0.15252210066532296,-0.0706233399893941,0.5037308104063746,0.2075,0.921,155
