gender,z,p
Female,0.6885962018205921,0.49107741191973364
Male,-0.1821615845495464,0.8554559196331737
