Variable,r,p,N,Sig
wcst_duration,0.05611134681478816,0.4781944490454638,162,
wcst_cv,0.012986141577438624,0.869720436526854,162,
stroop_cv,0.03104585994166698,0.6877584378752009,170,
prp_cv,0.026914786412388262,0.7322733355260924,164,
