Variable,r,p,N,Sig
wcst_duration,0.061252063779744924,0.4549879754663972,151,
wcst_cv,0.02833051922437277,0.7298630882787853,151,
stroop_cv,0.03512699699256955,0.6592292306463674,160,
prp_cv,0.05077452553619227,0.527696294907562,157,
