n_trials,n_participants,re_formula,method,converged,fit_note,warning_count,boundary_warning,warning_msg,llf,aic,bic,trial_scaled_beta,trial_scaled_se,trial_scaled_z,trial_scaled_p,cond_beta,cond_se,cond_z,cond_p,interference_time_beta,interference_time_se,interference_time_z,interference_time_p,ucla_beta,ucla_se,ucla_z,ucla_p,interference_time_x_ucla_beta,interference_time_x_ucla_se,interference_time_x_ucla_z,interference_time_x_ucla_p
14986,212,1 + trial_scaled,lbfgs,True,,0,False,,-3029.464137136689,6092.928274273378,6222.38109335909,-0.14618678216629286,0.012410629886759365,-11.779158954877577,4.998936495925831e-32,0.1332151622328372,0.009335752653272767,14.269354296371265,3.397094041774929e-46,0.0055480193139813465,0.016109907407526183,0.34438554944080174,0.7305563548652936,0.012909403527838903,0.018449316024097558,0.6997226081973607,0.4841005546266586,0.05089680936999338,0.016215868589043697,3.1387038622391135,0.001696968491956777
