n_trials,n_participants,re_formula,method,converged,fit_note,warning_count,boundary_warning,warning_msg,llf,aic,bic,trial_scaled_beta,trial_scaled_se,trial_scaled_z,trial_scaled_p,cond_beta,cond_se,cond_z,cond_p,interference_time_beta,interference_time_se,interference_time_z,interference_time_p,ucla_beta,ucla_se,ucla_z,ucla_p,interference_time_x_ucla_beta,interference_time_x_ucla_se,interference_time_x_ucla_z,interference_time_x_ucla_p
14986,212,1 + trial_scaled + cond_code,lbfgs,True,,1,True,The MLE may be on the boundary of the parameter space.,-2989.7907625302323,6019.581525060465,6171.87895927895,-0.14736627422423598,0.012431470255279093,-11.854291664467931,2.0444573114137787e-32,0.1334208953587723,0.010446152977996337,12.77225172173992,2.3427752697404927e-37,0.005693900790772993,0.01600972357301242,0.3556526610097877,0.722100700947588,0.011210049343075254,0.018249322553223802,0.6142720810803447,0.5390355484028921,0.051073507879558305,0.01611925898480437,3.1684774050535025,0.0015323965982914213
14986,212,1 + trial_scaled,lbfgs,True,,0,False,,-3029.0939159875124,6092.187831975025,6221.640651060738,-0.1461900965499132,0.012411145480715676,-11.778936664392663,5.01213598330715e-32,0.1331989490665746,0.009335805019236471,14.267537592325196,3.486742844642156e-46,0.005575419983155604,0.01610995777996669,0.34608532556732324,0.7292785912941021,0.013215413024934683,0.018417878010901733,0.7175317925937148,0.47304602665605433,0.05092399832706854,0.01621586078557408,3.140382061763347,0.0016872762916740542
14986,212,1,lbfgs,True,,2,True,The MLE may be on the boundary of the parameter space. | The Hessian matrix at the estimated parameter values is not positive definite.,inf,-inf,-inf,-0.1463756928869663,0.008022348794333055,-18.245989627173195,2.2266761363678053e-74,0.13341724870014182,0.00933408436328736,14.293555051301654,2.400363184572496e-46,0.005536988052291313,0.016113307956206333,0.3436282647448963,0.7311258655346866,0.00113462031550712,,,,0.050431753189899314,0.016209460336552645,3.111254301056201,0.00186294431671374
