n_trials,n_participants,re_formula,method,converged,fit_note,warning_count,boundary_warning,warning_msg,llf,aic,bic,trial_scaled_beta,trial_scaled_se,trial_scaled_z,trial_scaled_p,cond_beta,cond_se,cond_z,cond_p,interference_time_beta,interference_time_se,interference_time_z,interference_time_p,ucla_beta,ucla_se,ucla_z,ucla_p,interference_time_x_ucla_beta,interference_time_x_ucla_se,interference_time_x_ucla_z,interference_time_x_ucla_p
14986,212,1 + trial_scaled,lbfgs,True,,0,False,,-3029.0939159875124,6092.187831975025,6221.640651060738,-0.1461900965499132,0.012411145480715676,-11.778936664392663,5.01213598330715e-32,0.1331989490665746,0.009335805019236471,14.267537592325196,3.486742844642156e-46,0.005575419983155604,0.01610995777996669,0.34608532556732324,0.7292785912941021,0.013215413024934683,0.018417878010901733,0.7175317925937148,0.47304602665605433,0.05092399832706854,0.01621586078557408,3.140382061763347,0.0016872762916740542
