gender,wcst_magnitude,stroop_magnitude,prp_magnitude,wcst_stroop_ratio,wcst_prp_ratio,strongest_task,interpretation
male,0.24054048033831474,0.11453313154742727,0.33134750166092314,2.100182515647962,0.7259462622551062,PRP,PRP shows strongest effect
female,0.24910081516660842,0.01380769513688217,0.09759027472850018,18.040723864276767,2.552516793908166,WCST,WCST shows strongest effect
