gender,wcst_magnitude,stroop_magnitude,prp_magnitude,wcst_stroop_ratio,wcst_prp_ratio,strongest_task,interpretation
male,0.22535875938981317,0.09275447822762872,0.37350125760442376,2.429626727420754,0.6033681408068812,PRP,PRP shows strongest effect
female,0.2496844404457725,0.02605857763482628,0.11047140329500992,9.581660363230222,2.2601726147987744,WCST,WCST shows strongest effect
