gender,n,wcst_r,wcst_p,stroop_r,stroop_p,prp_r,prp_p
male,30,0.22535875938981317,0.23116251639987667,0.09275447822762872,0.6259018285415202,0.37350125760442376,0.04204555015244445
female,46,-0.2496844404457725,0.09423683016021298,-0.02605857763482628,0.8635137544104166,-0.11047140329500992,0.4648554069348104
