gender,n_vulnerable_tasks,mean,std,count
,0,48.333333333333336,8.32666399786453,3
female,0,42.27272727272727,11.856248536979535,66
female,1,41.21212121212121,9.453033824378736,33
female,2,41.42857142857143,8.772250620700536,7
male,0,39.06666666666667,11.430421928106828,45
male,1,38.857142857142854,10.897121305521598,14
male,2,28.0,,1
