gender,n_vulnerable_tasks,mean,std,count
female,0,43.46153846153846,12.980695726287614,26
female,1,38.125,12.585044033825758,16
female,2,44.333333333333336,9.073771725877467,3
male,0,41.59090909090909,12.730387683129315,22
male,1,40.75,10.56330125166055,4
male,2,53.0,,1
