outcome,obs_beta,obs_t,posterior_mean,posterior_std,bf10,interpretation
pe_rate,1.0192999612980937,1.1651561492978015,-0.01276956881909507,0.688632219895859,0.2295835418522268,Moderate evidence for null
wcst_accuracy,-1.33787582446404,-0.7766413484285578,-0.04071467569366824,1.3709551970996712,0.457186634453136,Inconclusive
