outcome,obs_beta,obs_t,posterior_mean,posterior_std,bf10,interpretation
pe_rate,2.1628492261378622,1.924181118920995,-0.010984351747472476,0.8315682659601655,3.6073265536362724,Moderate evidence for effect
wcst_accuracy,-3.3596444114863235,-1.606949927749446,-0.0017443005346233864,1.4690628887453105,2.0421167182582676,Weak evidence for effect
