outcome,full_beta,full_p,loo_beta_min,loo_beta_max,loo_beta_range,loo_p_min,loo_p_max,n_loo_significant,pct_loo_significant
pe_rate,2.1628492261378622,0.058517933810440535,1.9549545640926467,2.3743585307404054,0.4194039666477587,0.03875343963710822,0.09590411999433496,7,9.722222222222223
wcst_accuracy,-3.3596444114863235,0.11269932589481355,-3.9798933301281996,-2.7207307644096645,1.259162565718535,0.07165562432705229,0.19487388702801892,0,0.0
