variable,F,p
ucla_score,11.107676807489861,5.358363930294391e-08
dass_depression,8.53850684352551,2.772680120804547e-06
dass_anxiety,5.263229028258512,0.0005163959835125001
dass_stress,4.053627303798587,0.0036776182970500084
age,0.5414533273991383,0.7054964059486009
gender,153.25036151578752,4.0936381044786254e-32
