variable,F,p
ucla_score,9.168408144555498,1.2964156302552603e-05
dass_depression,26.0750638153435,1.1547004488836482e-13
dass_anxiety,12.159577603134952,3.5470587070490784e-07
dass_stress,17.056215403231196,1.3388212533287637e-09
age,3.5849552942511727,0.015276131657845814
gender,149.8835829898462,2.7917702472423605e-32
