Class,N,UCLA_beta,UCLA_p,Gender_beta,Gender_p,Interaction_beta,Interaction_p,R_squared
2,98,10.251708660924665,0.6092030708858174,,,,,0.050503533837536585
3,23,97.5193588260988,0.026853913810615138,,,,,0.7203052897682981
