,age,age,age,gender_male,gender_male,gender_male,ucla_score,ucla_score,ucla_score,dass_depression,dass_depression,dass_depression,dass_anxiety,dass_anxiety,dass_anxiety,dass_stress,dass_stress,dass_stress,prp_bottleneck,prp_bottleneck,prp_bottleneck
,mean,std,count,mean,std,count,mean,std,count,mean,std,count,mean,std,count,mean,std,count,mean,std,count
class,,,,,,,,,,,,,,,,,,,,,
0,20.0,1.8371173070873836,17,0.9411764705882353,0.24253562503633297,17,47.05882352941177,10.182525400381369,17,10.823529411764707,9.51469451767664,17,6.823529411764706,5.3878949288851095,17,11.882352941176471,6.909073318300151,17,476.5169549091768,45.91175217909061,17
1,20.285714285714285,1.7586311452816474,98,0.0,0.0,98,41.744897959183675,10.517840733763776,98,7.63265306122449,6.326817012310263,98,5.877551020408164,5.409547318222822,98,10.387755102040817,7.285959740587959,98,630.8238283483898,146.86551831421218,98
2,19.956521739130434,9.067816520126978,23,0.9565217391304348,0.20851441405707474,23,32.43478260869565,5.8993534850441005,23,1.9130434782608696,1.2761106919165421,23,1.7391304347826086,1.5140971298358226,23,5.739130434782608,5.09203827115829,23,620.9185074816734,133.47292215874657,23
3,21.5625,1.8607794065928396,16,0.9375,0.24999999999999997,16,49.6875,11.258885380000988,16,14.125,10.3400515794974,16,8.625,8.317651912248634,16,14.25,9.685040010242599,16,633.6095618642205,61.160173454687786,16
4,20.466666666666665,1.6846647257229674,15,0.9333333333333333,0.2581988897471611,15,33.733333333333334,8.68057492061332,15,4.933333333333334,9.37676967424334,15,3.3333333333333335,4.186144947778269,15,7.466666666666667,8.399546473017514,15,362.57916713076537,30.10087192650295,15
