Class,N,UCLA_beta,UCLA_p,Gender_beta,Gender_p,Interaction_beta,Interaction_p,R_squared
2,58,-0.16067142521499245,0.7880908492247256,,,,,0.08982472806406994
3,72,0.1214918051613827,0.8308451417729357,,,,,0.24991466991706468
