variable,F,p
ucla_score,4.433672876516048,0.001791699244552003
dass_depression,4.551637575265285,0.0014707588772025263
dass_anxiety,10.730867267760093,5.264576568054117e-08
dass_stress,5.516805473879514,0.00029159429172491137
age,4.5222799355980765,0.0015448319011553734
gender,8.37230346117772,0.07885379903743651
