Class,N,UCLA_beta,UCLA_p,Gender_beta,Gender_p,Interaction_beta,Interaction_p,R_squared
1,56,-11.374090786377053,0.01731610731690603,31.201273860647337,1.71336681944335e-05,26.836691331253657,0.012277935877780241,0.6586435665038992
2,111,6.034445373585031,0.10751040462779961,12.288054960780208,0.0017994901841865973,2.5774071374276737,0.5136824360785229,0.3451515428851373
3,44,-50.73043270128938,9.26163506716823e-06,1.9203002030975633,0.8537552743730292,9.182977466913261,0.4423408692963159,0.5757119319493702
5,20,-7.030648132683638,9.773351216720272e-172,-3.5130718782940633,1.1145581460594596e-168,8.428294979700354,7.6150688547575995e-174,1.0
