,age,age,age,gender_male,gender_male,gender_male,ucla_score,ucla_score,ucla_score,dass_depression,dass_depression,dass_depression,dass_anxiety,dass_anxiety,dass_anxiety,dass_stress,dass_stress,dass_stress,stroop_interference,stroop_interference,stroop_interference
,mean,std,count,mean,std,count,mean,std,count,mean,std,count,mean,std,count,mean,std,count,mean,std,count
class,,,,,,,,,,,,,,,,,,,,,
0,20.803571428571427,2.0218771013558197,56,0.26785714285714285,0.44685045001132623,56,41.44642857142857,11.326428696327318,56,6.642857142857143,4.073990991325656,56,3.4285714285714284,3.5309393180189983,56,9.857142857142858,5.128985621591612,56,194.05544359366203,30.41937499516879,56
1,20.126126126126128,1.5731677198749905,111,0.43243243243243246,0.49766037381516287,111,43.414414414414416,11.912917716395445,111,9.315315315315315,8.982793635088225,111,7.747747747747748,6.2616705126122385,111,12.072072072072071,8.026899901650824,111,109.8608019430411,23.215136872813535,111
2,20.227272727272727,1.7896814886640573,44,0.5,0.5057805388588731,44,36.72727272727273,12.112579730917915,44,6.2727272727272725,7.16049769727826,44,4.2272727272727275,3.8631450999703527,44,8.409090909090908,6.362382842410837,44,16.46608362824753,32.80443390067274,44
3,22.333333333333332,5.07444578254611,9,0.3333333333333333,0.5,9,32.0,8.789197915623474,9,0.6666666666666666,1.0,9,3.3333333333333335,1.0,9,2.6666666666666665,2.6457513110645907,9,384.422804236767,2.993700460206056,9
4,21.35,1.6311119875071343,20,0.25,0.44426165831931924,20,44.8,11.93667501971616,20,9.9,5.711484275700927,20,10.5,8.964843615626073,20,12.3,8.736493334826832,20,301.17138892459604,17.993987326775056,20
