,age,age,age,gender_male,gender_male,gender_male,ucla_score,ucla_score,ucla_score,dass_depression,dass_depression,dass_depression,dass_anxiety,dass_anxiety,dass_anxiety,dass_stress,dass_stress,dass_stress,stroop_interference,stroop_interference,stroop_interference
,mean,std,count,mean,std,count,mean,std,count,mean,std,count,mean,std,count,mean,std,count,mean,std,count
class,,,,,,,,,,,,,,,,,,,,,
0,20.153846153846153,1.7132964178403618,26,1.0,0.0,26,46.19230769230769,10.928931258889794,26,11.461538461538462,7.705742114712998,26,9.23076923076923,6.224517281252851,26,15.076923076923077,6.2027289279676046,26,132.65907629451004,92.9755215481651,26
1,21.566666666666666,2.486977577555609,30,1.0,0.0,30,32.96666666666667,7.810176091146258,30,1.4,1.5887535778195696,30,1.2666666666666666,1.529780992514115,30,3.933333333333333,4.050826508541048,30,135.86912183676884,108.26319803543514,30
2,20.172043010752688,1.5008957898678414,93,0.0,0.0,93,41.903225806451616,10.581017165834037,93,7.333333333333333,5.863174191016579,93,5.849462365591398,5.268747554662675,93,10.32258064516129,7.072852708900083,93,147.99900422857414,110.32326093647285,93
3,16.571428571428573,16.4505029594553,7,0.2857142857142857,0.48795003647426666,7,47.142857142857146,15.170460017509592,7,22.285714285714285,14.256159905040883,7,7.714285714285714,7.521398046336105,7,18.285714285714285,10.483547200483333,7,101.96187076084574,41.121937630902465,7
