Class,N,UCLA_beta,UCLA_p,Gender_beta,Gender_p,Interaction_beta,Interaction_p,R_squared
1,26,-13.987469650142618,0.6816991783036122,,,,,0.13948187763204012
2,30,72.32561004539728,0.005550811047060823,,,,,0.5405086970280009
3,93,0.6534584524274057,0.9676502319871623,,,,,0.019620343597059886
