outcome,outcome_label,n,beta_ucla,se_ucla,p_ucla,beta_ucla_x_gender,se_ucla_x_gender,p_ucla_x_gender,beta_gender,se_gender,p_gender,r_squared,adj_r_squared
p_lapse_to_focus,P(Lapse → Focus) - Recovery,171,0.10535914044235832,0.41294117244899076,0.7986124837169042,-0.6071176525142427,0.4834861270020494,0.20922166639557394,-0.23028550028493439,0.5085848411798752,0.6506951931594278,0.02144792748886637,-0.020835186755441937
p_lapse_to_lapse,P(Lapse → Lapse) - Persistence,171,-0.10535914044235327,0.4129411724489868,0.7986124837169117,0.6071176525142365,0.483486127002045,0.20922166639557438,0.23028550028493824,0.5085848411798713,0.6506951931594198,0.021447927488866148,-0.02083518675544216
p_focus_to_lapse,P(Focus → Lapse) - Vulnerability,171,0.1799630721750381,0.20237624133126103,0.3738687377141122,0.1860800255181838,0.18802604924482572,0.3223451025896795,0.07208242912545205,0.2666090615621823,0.7868775299812758,0.05432835116267953,0.013465995966005173
lapse_occupancy,Lapse Occupancy,171,0.011747419465541243,0.01934398969054269,0.5436582003031192,0.026768435740709667,0.024227350626709696,0.269209432800241,0.030569310765145283,0.02809641854623922,0.2765887065621401,0.040189325976442536,-0.0012839747529704848
