predictor,r_pe,p_pe,r2,male_r,female_r
Total Score,-0.08718160935489783,0.46014710701082373,0.007600633009710256,0.23609110104789963,-0.23173051208256862
Social Loneliness,-0.07908041052138201,0.5030210260849126,,0.2697629301477468,-0.23089516423582174
Emotional Loneliness,-0.004570426575509464,0.9691717197408567,,0.35787571038814064,-0.18264293602761256
