Variable,Column,Male_N,Male_Mean,Male_SD,Female_N,Female_Mean,Female_SD,t,p,Cohen_d,Significant
Age (years),age,82,21.109756097560975,2.119900402744184,130,19.923076923076923,3.9011335752998186,2.862397596900175,0.004638486046363905,0.3564692769082994,True
UCLA Loneliness,ucla_score,82,38.073170731707314,11.674368344458545,130,42.246153846153845,10.474081365029784,-2.6360758709494596,0.009220978507004289,-0.38100236749245014,True
DASS-21 Depression,dass_depression,82,6.146341463414634,7.973911088970254,130,8.569230769230769,7.875916052578454,-2.1648825041558784,0.03178482756362292,-0.30615779785892583,True
DASS-21 Anxiety,dass_anxiety,82,4.804878048780488,6.276428614887912,130,6.123076923076923,5.644528646171248,-1.547621502279363,0.12370431739242438,-0.22356412876711837,False
DASS-21 Stress,dass_stress,82,9.073170731707316,8.30406785309239,130,10.753846153846155,7.179926300567036,-1.5108182529667307,0.1328851170698916,-0.22018076147341017,False
WCST Perseverative Error Rate,pe_rate,82,10.3792322950409,6.547590148914785,130,10.864543166793919,5.755572182675962,-0.5503408284085134,0.5828730954254893,-0.07990874711016131,False
