Group,Variable,Column,N,Mean,SD,Min,Max,Median,Skewness,Kurtosis
Total,Age (years),age,212,20.382075471698112,3.371227494388591,-20.0,29.0,20.0,-7.890546147286645,95.62434528147098
Total,UCLA Loneliness,ucla_score,212,40.632075471698116,11.114932078212703,20.0,73.0,40.0,0.3638200267347495,-0.34935815301918893
Total,DASS-21 Depression,dass_depression,212,7.632075471698113,7.983187869704521,0.0,42.0,4.0,1.7003855579895777,3.275376052130616
Total,DASS-21 Anxiety,dass_anxiety,212,5.613207547169812,5.917394640475453,0.0,28.0,4.0,1.3393539001243913,1.4962420762913053
Total,DASS-21 Stress,dass_stress,212,10.10377358490566,7.659123042970116,0.0,42.0,8.0,0.8813232677801001,0.7254846663498684
Total,WCST Perseverative Error Rate,pe_rate,212,10.676828584323411,6.063534743417169,0.0,48.4375,9.938271604938272,1.9762090233685212,8.010674285078869
