outcome,outcome_label,effect,beta,se,ci_lower,ci_upper,p,n
pe_rate,WCST PE Rate,UCLA main effect,-0.4423645282729915,0.623403096149772,-1.6734084632295967,0.7886794066836136,0.4789745937703037,171
pe_rate,WCST PE Rate,UCLA x Gender,0.643970883157956,0.8321663549410528,-0.9993211544533065,2.2872629207692183,0.44014806484540314,171
wcst_accuracy,WCST Accuracy,UCLA main effect,1.1923134374114956,1.1788344003896616,-1.1355494620201918,3.520176336843183,0.3133169308219817,171
wcst_accuracy,WCST Accuracy,UCLA x Gender,-1.012590593659851,1.5735987390985067,-4.1200008644570545,2.094819677137352,0.5208179143981798,171
prp_bottleneck,PRP Bottleneck,UCLA main effect,2.977885014702155,18.18993606549453,-32.94891351125961,38.90468354066392,0.8701682118359123,167
prp_bottleneck,PRP Bottleneck,UCLA x Gender,39.425010697735885,24.066806833340618,-8.109148694108093,86.95917008957986,0.10338058425787934,167
stroop_interference,Stroop Interference,UCLA main effect,4.663976135459284,12.843285775423825,-20.697863028315812,30.025815299234377,0.7169699098122468,171
stroop_interference,Stroop Interference,UCLA x Gender,11.177488725887912,17.144204729186963,-22.677442989833693,45.03242044160952,0.5153451511819984,171
