outcome,outcome_label,gender,n,beta_ucla,se,ci_lower,ci_upper,p,r_squared
pe_rate,WCST PE Rate,Male,65,-0.1725412986078666,0.6846360055618199,-1.5429891612163162,1.1979065640005833,0.8019172711195203,0.003937520810161521
pe_rate,WCST PE Rate,Female,106,-0.2475184698429279,0.7629541835373859,-1.7611978398630956,1.2661609001772396,0.7462968528360201,0.045280414964696036
wcst_accuracy,WCST Accuracy,Male,65,-0.3657110630887186,1.3499828289443472,-3.067995295082465,2.336573168905028,0.7874293120670474,0.0184460998808178
wcst_accuracy,WCST Accuracy,Female,106,1.4427468094144011,1.4289972230089456,-1.392342980978966,4.2778365998077685,0.31511322095320726,0.016391211354350843
prp_bottleneck,PRP Bottleneck,Male,64,25.310397551910214,21.156965161651858,-17.055694407720807,67.67648951154123,0.2365262046921678,0.28868021834091095
prp_bottleneck,PRP Bottleneck,Female,103,4.373679480472942,20.441803563972286,-36.19764201715466,44.945000978100545,0.8310292184972718,0.05451041345772656
stroop_interference,Stroop Interference,Male,65,18.487187467790047,16.90691403648006,-15.355677961972592,52.33005289755269,0.2787086680503534,0.11464469590093984
stroop_interference,Stroop Interference,Female,106,3.2091785302737312,14.670422281358384,-25.896521439570197,32.31487850011766,0.8272893737147864,0.01651410472365633
