outcome,outcome_label,comparison,var_group1,var_group2,var_ratio,levene_stat,p
pe_rate,WCST PE Rate,UCLA High vs Low,24.57246972664606,29.58141808203308,0.8306724734596374,0.173373258784876,0.6776594464085668
pe_rate,WCST PE Rate,Male vs Female,14.397916876564503,34.81585692281984,0.4135448082889919,2.8209261634462477,0.09489044314472268
wcst_accuracy,WCST Accuracy,UCLA High vs Low,126.66867110568684,65.06281802032626,1.9468672731961028,0.6864229381017387,0.4085522825713287
wcst_accuracy,WCST Accuracy,Male vs Female,54.24894951018095,118.54858436516905,0.45760942486732825,5.393084573876353,0.021409103770509554
prp_bottleneck,PRP Bottleneck,UCLA High vs Low,25476.077761358014,20775.14825178812,1.2262765806816942,0.7998470903582217,0.372441787917953
prp_bottleneck,PRP Bottleneck,Male vs Female,18140.180220977545,24231.393887427712,0.7486230592120188,0.7034795112358602,0.4028304459386096
stroop_interference,Stroop Interference,UCLA High vs Low,11302.584117531567,11542.01462971279,0.9792557434847766,0.02871180671768063,0.8656488219038883
stroop_interference,Stroop Interference,Male vs Female,9244.449130748657,12496.059870685222,0.7397891196436576,0.8432319216340733,0.3597827610445252
