gender,z,p
Female,-1.2495001271957673,0.21148220700779685
Male,0.6710789477440332,0.5021702374352113
