task,metric,female_beta,female_p,male_beta,male_p,interaction_beta,interaction_p,female_vulnerable,male_vulnerable
WCST_PE,pe_rate,-0.5608826807972795,0.6339590234252657,2.9994933788342975,0.02777317318287229,2.5943714661214625,0.028912065389008996,False,True
WCST_Accuracy,wcst_accuracy,0.807587815523223,0.6526590044701293,-7.922912863334103,0.0204190194964062,-4.490079302253013,0.036111659232122104,False,False
Stroop_Interference,stroop_interference,4.229594694521803,0.8637117002575944,48.798077963789815,0.06128229346524319,21.62101106583041,0.3744184289301702,False,False
Stroop_Incong_Acc,stroop_incong_acc,-1.4980434000807776,0.02915022789023691,-1.4811908838840555,0.2175392945663123,-0.35137786962479467,0.6497555398685827,True,False
PRP_Bottleneck,prp_bottleneck,-32.21915295504314,0.3189706664330944,34.79475967225133,0.3641379256588755,61.23889618390769,0.07287781899977397,False,False
