Group,Variable,Column,N,Mean,SD,Min,Max,Median,Skewness,Kurtosis
Total,Age (years),age,197,20.370558375634516,3.4625910719465387,-20.0,29.0,20.0,-7.837550869120056,92.32123152490834
Total,UCLA Loneliness,ucla_score,197,40.53299492385787,11.065905427186854,20.0,73.0,39.0,0.4220844968028593,-0.28837241303498384
Total,DASS-21 Depression,dass_depression,197,7.543147208121828,7.967690895598991,0.0,42.0,4.0,1.7431292370233507,3.5000020949753505
Total,DASS-21 Anxiety,dass_anxiety,197,5.563451776649746,5.944666986086669,0.0,28.0,4.0,1.401470885687976,1.6864598641973902
Total,DASS-21 Stress,dass_stress,197,10.060913705583756,7.647618355267306,0.0,42.0,8.0,0.9295231225535913,0.8962986227311025
Total,Stroop Interference RT,stroop_interference,197,138.6802030456853,104.15904373502714,-94.0,481.0,124.0,0.7272236972428576,0.43897034907385946
Total,Stroop Interference RT Slope,stroop_interference_slope,197,-0.07059209216021492,62.853763203715246,-235.14087301588336,170.47859199124758,-2.825269240393102,0.06706837950640442,0.7494471496585291
Total,WCST Perseverative Error Rate (%),wcst_perseverative_error_rate,197,10.636210713096954,6.138233550402466,0.0,48.4375,9.876543209876544,2.0581400843225044,8.235762867125361
