Variable,Column,Male_N,Male_Mean,Male_SD,Female_N,Female_Mean,Female_SD,t,p,Cohen_d,Significant
Age (years),age,78,21.064102564102566,2.1218696949461817,119,19.915966386554622,4.055922290426581,2.5936284612029517,0.010248224887234668,0.3351953332507218,True
UCLA Loneliness,ucla_score,78,38.3974358974359,11.656712846208162,119,41.9327731092437,10.475743646947404,-2.165931676962164,0.03187271452888605,-0.32264696070404814,True
DASS-21 Depression,dass_depression,78,6.333333333333333,8.099489588963715,119,8.336134453781513,7.812720300269527,-1.7212031953041274,0.08713984091235066,-0.2526493462900964,False
DASS-21 Anxiety,dass_anxiety,78,4.846153846153846,6.337021552578322,119,6.033613445378151,5.6507578209479234,-1.3418073175577785,0.1816681058088424,-0.20020433482312802,False
DASS-21 Stress,dass_stress,78,9.256410256410257,8.343962585109765,119,10.588235294117647,7.141917043960366,-1.1586712815966196,0.2484736082127161,-0.17434085180862202,False
Stroop Interference RT,stroop_interference,78,130.17948717948718,98.35091474359773,119,144.25210084033614,107.84013737287206,-0.9450489206475553,0.3459355073778363,-0.13505852668784915,False
Stroop Interference RT Slope,stroop_interference_slope,78,7.245677333813472,65.17983327311103,119,-4.866130035235406,61.0832491914118,1.3074102134576764,0.19298266018430907,0.1930696362392673,False
WCST Perseverative Error Rate (%),wcst_perseverative_error_rate,78,10.325550051575867,6.703263078747043,119,10.839837029051953,5.758200455792045,-0.5562858139761552,0.5788609962092596,-0.08364079152915115,False
