Variable,Column,N,r,CI_Lower,CI_Upper,p,Significant
DASS-Dep,dass_depression,197,0.672865688000765,0.5884171601434441,0.7427928022386752,2.5064633435100733e-27,True
DASS-Anx,dass_anxiety,197,0.49961930735138654,0.38684026535808846,0.5976725758070024,7.785483474117766e-14,True
DASS-Str,dass_stress,197,0.5360568907169803,0.42835984825663853,0.6287376571565771,4.751942876917318e-16,True
Stroop Interference RT,stroop_interference,197,0.011374227502493634,-0.12862855482825855,0.15093248064009537,0.873957179709132,False
WCST PE Rate,wcst_perseverative_error_rate,197,-0.11659790807479689,-0.2522838848817176,0.023584778583289768,0.10274578949379326,False
Stroop Interference RT Slope,stroop_interference_slope,197,0.23831679418802498,0.10191393604953601,0.3659238272760702,0.0007452383308599054,True
