gender,z,p
Female,-1.8661029742975588,0.06202695993948404
Male,1.5595716146863319,0.11886114872012077
