parameter,param_col,n,r_squared,beta_ucla,se_ucla,p_ucla,beta_interaction,se_interaction,p_interaction
Congruent mu,congruent_mu,174,0.1304001787433754,-16.172983852171726,19.878798474725627,0.4158858589707791,22.25075113422097,25.41058024606657,0.38122083680799135
Congruent sigma,congruent_sigma,174,0.09475046515396979,3.184501724505702,9.534571271123681,0.7383831264604801,-7.588797129014838,10.57215730890932,0.4728746279701208
Congruent tau,congruent_tau,174,0.07727742999275,11.086947470525374,12.003390675058778,0.35566789232008467,-1.9244818948833593,14.694056032730053,0.8957989653862026
Incongruent mu,incongruent_mu,174,0.0739858060022287,-15.571404340743015,27.612252127128865,0.5728011068161367,46.96700541252707,33.706711588061445,0.16349820683182692
Incongruent sigma,incongruent_sigma,174,0.030440529699143015,-5.165769673499239,12.891575836608203,0.6886344288380342,10.202631180431565,14.872820129108622,0.49271834167898765
Incongruent tau,incongruent_tau,174,0.031532022598392384,20.629369291677428,18.214253869885923,0.2573844516747319,-20.66764438757598,19.201676222183643,0.28177261319478164
Interference mu,mu_interference,174,0.033058234464104275,0.6015795114287289,18.82126287996712,0.9745017487967551,24.71625427830604,21.352286992601446,0.2470493592117713
Interference sigma,sigma_interference,174,0.016177351572663423,-8.35027139800494,13.057235013765492,0.5224892662051535,17.791428309446392,14.10893582617188,0.2073073090427926
Interference tau,tau_interference,174,0.022213726141353973,9.542421821152047,19.330181247546403,0.6215505378791091,-18.743162492692626,21.100883020477742,0.37439856242516234
