Outcome,r,R2_Step1,R2_Step2,b,SE,beta,p,Delta_R2,F_change,r_fmt,R2_Step1_fmt,R2_Step2_fmt,b_fmt,SE_fmt,beta_fmt,p_fmt,Delta_R2_fmt,F_change_fmt
Stroop Interference RT,0.0113742275024936,0.009775747316577,0.012987157229556,4.82767223679509,10.348192119064583,0.04634904530303033,0.6413754671132188,0.0011293240932528,0.2176439443940971,0.011,0.010,0.013,4.83,10.35,0.05,0.641,0.001,0.22
Interference RT slope,0.2383167941880249,0.0090460402763566,0.0388031328396147,19.033214665526824,6.009235993343511,0.30281742405523593,0.0017927367700058,0.0482057372361034,10.03195953899274,0.238,0.009,0.039,19.03,6.01,0.30,0.002,0.048,10.03
WCST PE rate,-0.1165979080747968,0.0022551151733318,0.0344507128099254,-0.0533825218494117,0.6034987655667245,-0.008696723806788284,0.9296081616218428,3.976018196327757e-05,0.0078242983230059,-0.117,0.002,0.034,-0.05,0.60,-0.01,0.930,0.000,0.01
