hypothesis,outcome,n,ucla_effect_controlled,ucla_p_controlled,ucla_p_controlled_fdr,significant_after_dass,significant_after_dass_fdr,interaction_beta,interaction_p,interaction_p_fdr,significant_interaction,significant_interaction_fdr,female_slope,female_p,male_slope,male_p
H1_PRIMARY,WCST PE Rate,150,-0.02970602113232429,0.9602866872270677,0.9585392754262988,False,False,0.9856481476453356,0.1733080552244689,0.5232111470626037,False,False,-0.30883962078749194,0.6937297015981112,0.5491502264720558,0.4795618441986841
H2,WCST Accuracy,150,0.5373664089993997,0.6916467737391038,0.8481770718666937,False,False,-1.2901625068390596,0.36380073817963876,0.5800571899152676,False,False,1.4011479241429647,0.3582561703547391,-1.47785331042903,0.39083534403246634
H3,Stroop Interference,158,10.850022944260381,0.3519591595299695,0.8104432704258855,False,False,9.789906098865817,0.5641627706262302,0.5800571899152676,False,False,2.2746528568008486,0.8773052469138887,33.129642657728866,0.0920545543731677
H4,PRP Bottleneck,154,14.144787764071111,0.4372200724933649,0.8104432704258855,False,False,38.13974237221411,0.10040874132297511,0.5232111470626037,False,False,4.451868688085029,0.8370717591167196,21.391215139939565,0.38528540586892834
