hypothesis,outcome,n,ucla_effect_controlled,ucla_p_controlled,significant_after_dass,interaction_beta,interaction_p,significant_interaction,female_slope,female_p,male_slope,male_p
H1_PRIMARY,WCST PE Rate,76,0.32366741714063396,0.695669669835322,False,2.517251773598335,0.025347850536762428,True,-0.5189047594742163,0.6480320165708136,2.9000054573935783,0.01943671005115201
H3,Stroop Interference,76,12.129933451693754,0.48517246205101494,False,21.153297584155307,0.3778017032899095,False,-0.954460930204436,0.9688186940509234,44.82037089408847,0.08204730515455769
H4,PRP Bottleneck,76,-7.501533801970282,0.7551991294484712,False,68.80207036383624,0.036012599905491,True,-36.37338787377707,0.24791328659336148,49.653689113155544,0.16818924444920666
