outcome,n,model0_r2,model0_aic,model1_r2,model1_aic,delta_r2_1v0,f_1v0,p_1v0,model2_r2,model2_aic,delta_r2_2v1,f_2v1,p_2v1,ucla_beta,ucla_p,model3_r2,model3_aic,delta_r2_3v2,f_3v2,p_3v2,interaction_beta,interaction_p,female_ucla_beta,female_ucla_p,male_ucla_beta,male_ucla_p,hypothesis
WCST PE Rate,76,0.012708257668133105,449.7643723425806,0.0416611603864403,453.50229538744225,0.028952902718307194,0.7049361897575277,0.5522670523136509,0.04379945834900412,455.33253057161505,0.0021382979625638177,0.15430085321030637,0.6956696698353237,0.32366741714063396,0.695669669835322,0.11206411023615759,451.7033535671452,0.06826465188715347,5.227850773732135,0.025347850536762584,2.517251773598335,0.025347850536762428,-0.5189047594742163,0.6480320165708136,2.9000054573935783,0.01943671005115201,H1_PRIMARY
Stroop Interference,76,0.07232927145662371,913.7535675127662,0.1115308229210098,916.4721234613208,0.039201551464386086,1.0295268435868554,0.38492643956853717,0.1178275531312506,917.9315809745206,0.006296730210240797,0.49250504937982714,0.4851724620509986,12.129933451693754,0.48517246205101494,0.1279346567634112,919.055817859521,0.010107103632160608,0.7881095749501237,0.3778017032899166,21.153297584155307,0.3778017032899095,-0.954460930204436,0.9688186940509234,44.82037089408847,0.08204730515455769,H3
PRP Bottleneck,76,0.1765635821712458,963.390693104016,0.21554001812897017,965.705394045594,0.038976435957724376,1.1593327809759744,0.33150612966719645,0.21665248775931578,967.5975393422411,0.0011124696303456139,0.09799023204181782,0.7551991294484487,-7.501533801970282,0.7551991294484712,0.2660452538218432,964.6477318436987,0.049392766062527405,4.576178721837148,0.036012599905491174,68.80207036383624,0.036012599905491,-36.37338787377707,0.24791328659336148,49.653689113155544,0.16818924444920666,H4
