task,metric,r_male,p_male,r_female,p_female
prp,mean_rt,0.04423148566528159,0.7438932670049343,0.05190698961010676,0.611732243603055
prp,sd_rt,0.10929734340479223,0.41832871675185795,0.03163206304165568,0.757168596977632
prp,tau,0.16712265476849428,0.21403170657669857,,
wcst,mean_rt,0.15737252046055897,0.25118907041245436,0.02493494243958807,0.8104421465312664
wcst,sd_rt,0.2411079259382655,0.07617952023534988,0.10197029603066152,0.32546363592498384
wcst,tau,0.26425039756645635,0.0512324289138743,0.09495441812845504,0.36002390176428184
stroop,mean_rt,0.019506421893770186,0.8844453038809805,-0.07242010172213731,0.47396850439406363
stroop,sd_rt,0.0030517533799398616,0.9818612064986694,0.07146903372275246,0.479809350227265
stroop,tau,0.044607690969215776,0.7395175519412658,,
