task,outcome,ucla_beta,ucla_p,interaction_beta,interaction_p
wcst,mean_rt,94.63377072217503,0.14619917218213646,155.10283951587928,0.07095358743911093
wcst,sd_rt,101.36367377723249,0.09125742715084835,108.30851462277151,0.18724563488165633
