subgroup,n,mde_80,mde_90,effect_type
Full Sample,171,0.21284238220854973,0.2450016739851324,r
Males,65,0.3415103075735584,0.3898921252501587,r
Females,103,0.27305147223977977,0.31325589035654156,r
