variable_1,variable_2,r,p_value,significant,n
UCLA Loneliness,DASS Depression,0.6630124738444944,3.2336847135335967e-28,True,212
UCLA Loneliness,DASS Anxiety,0.49718566679008425,1.2288847621940506e-14,True,212
UCLA Loneliness,DASS Stress,0.5499267615364971,3.739492366876818e-18,True,212
DASS Depression,DASS Anxiety,0.6587191775051929,9.3730041555441e-28,True,212
DASS Depression,DASS Stress,0.6672201699450862,1.1201396136334373e-28,True,212
DASS Anxiety,DASS Stress,0.7517039134317044,7.905221161436262e-40,True,212
