task,metric,beta_ucla,se_ucla,p_ucla,r_squared,n
stroop,cse,17.952714517201983,19.707947731097644,0.362328148379811,0.04233512023229802,171
stroop,interference,4.262253292870692,13.011332966091338,0.7432291971333781,0.03704669244171732,171
