task,metric,beta_ucla,se_ucla,p_ucla,r_squared,n
stroop,cv_reduction,-0.031906915467046985,0.05364991199527081,0.5520276623581476,0.0749286609113089,38
stroop,post_error_acc,-0.010413654808028118,0.03180729496810139,0.743366640006416,0.13035927803021263,38
stroop,recovery_rate,0.021838087366798084,0.07097173885808834,0.7583097263276575,0.3167124658717855,24
stroop,awareness_index,-0.007286620983963543,0.7031604931411484,0.9917319326270508,0.19685659154617807,24
wcst,cv_reduction,0.0003496076545086461,0.011167776983657179,0.9750262746594763,0.04634746289754865,158
wcst,post_error_acc,0.029856348780689795,0.020168537328591887,0.13878178980389624,0.07722139286063268,158
wcst,recovery_rate,0.012789338068299898,0.01852903604623736,0.4900481513916245,0.06841105950377724,158
wcst,awareness_index,0.0865633105792531,0.09521816709125176,0.3632947103096402,0.06651350666140632,158
