task,analysis,r_ucla_autocorr,p,n
stroop,autocorrelation,0.03296469983108868,0.6686336411364601,171
prp,autocorrelation,0.029659016629923436,0.7018755732488772,169
