task,analysis,beta_ucla,p_ucla,n
stroop,fatigue_slope,-0.15568921305168432,0.39576338523946797,171
wcst,fatigue_slope,-0.18157955785648822,0.6362056004948459,171
