task,beta,se,n
stroop,9.717251107098157,8.474949349049778,171
wcst,11.036391940015072,7.179756587499691,171
prp,11.435532004399384,10.071519283106438,169
