task,analysis,r_ucla,p,n
stroop,pre_error_elevation,0.02509876661664696,0.889731729447358,33
wcst,pre_error_elevation,-0.08809270344164825,0.25906055579555326,166
