,UCLA,DASS-Dep,DASS-Anx,DASS-Str,WCST PE
UCLA,1.0,0.6634299852903952,0.4776021114514519,0.5290256358073168,-0.11650196534603516
DASS-Dep,0.6634299852903952,1.0,0.6057683297698347,0.6317426881420057,-0.14323993639231236
DASS-Anx,0.4776021114514519,0.6057683297698347,1.0,0.7232238023606364,-0.10916300295716266
DASS-Str,0.5290256358073168,0.6317426881420057,0.7232238023606364,1.0,-0.07692917715706421
WCST PE,-0.11650196534603516,-0.14323993639231236,-0.10916300295716266,-0.07692917715706421,1.0
