,UCLA,DASS-Dep,DASS-Anx,DASS-Str,WCST PE
UCLA,0.0,9.737754562854199e-27,8.615132860755181e-13,8.090100190389848e-16,0.10052790112499807
DASS-Dep,9.737754562854199e-27,0.0,2.03745762319594e-21,1.1241142864426648e-23,0.04310986838708234
DASS-Anx,8.615132860755181e-13,2.03745762319594e-21,0.0,1.1492118316147127e-33,0.12414084317678364
DASS-Str,8.090100190389848e-16,1.1241142864426648e-23,1.1492118316147127e-33,0.0,0.2797797577866563
WCST PE,0.10052790112499807,0.04310986838708234,0.12414084317678364,0.2797797577866563,0.0
