,UCLA,DASS-Dep,DASS-Anx,DASS-Str,WCST PE
UCLA,0.0,3.2336847135335967e-28,1.2288847621940506e-14,3.739492366876818e-18,0.09933287300597815
DASS-Dep,3.2336847135335967e-28,0.0,9.3730041555441e-28,1.1201396136334373e-28,0.03014880854670431
DASS-Anx,1.2288847621940506e-14,9.3730041555441e-28,0.0,7.905221161436262e-40,0.05455395849312826
DASS-Str,3.739492366876818e-18,1.1201396136334373e-28,7.905221161436262e-40,0.0,0.04540511653755759
WCST PE,0.09933287300597815,0.03014880854670431,0.05455395849312826,0.04540511653755759,0.0
