,UCLA,DASS-Dep,DASS-Anx,DASS-Str,WCST PE
UCLA,1.0,0.6630124738444944,0.49718566679008425,0.5499267615364971,-0.11349671326973551
DASS-Dep,0.6630124738444944,1.0,0.6587191775051929,0.6672201699450862,-0.14895671000668587
DASS-Anx,0.49718566679008425,0.6587191775051929,1.0,0.7517039134317044,-0.1322332218745069
DASS-Str,0.5499267615364971,0.6672201699450862,0.7517039134317044,1.0,-0.1375803743875452
WCST PE,-0.11349671326973551,-0.14895671000668587,-0.1322332218745069,-0.1375803743875452,1.0
