Group,Variable,Column,N,Mean,SD,Min,Max,Median,Skewness,Kurtosis
Total,Age (years),age,200,20.395,3.446500665047209,-20.0,29.0,20.0,-7.846057260001469,92.8676290196573
Total,UCLA Loneliness,ucla_score,200,40.37,11.089091022193498,20.0,70.0,39.5,0.32295783655960075,-0.5247731913571161
Total,DASS-21 Depression,dass_depression,200,7.36,7.453062505005415,0.0,38.0,4.0,1.531801647997465,2.5506688638809782
Total,DASS-21 Anxiety,dass_anxiety,200,5.5,5.627463168119602,0.0,26.0,4.0,1.173863230465984,0.7646564776552571
Total,DASS-21 Stress,dass_stress,200,10.08,7.2896705331868095,0.0,30.0,8.0,0.645751783897379,-0.27981275701186226
Total,WCST Perseverative Error Rate,pe_rate,200,10.085050589184908,4.44788290079078,0.0,25.833333333333336,9.840232389251998,0.6837480638967577,1.5237093094884147
