Variable,Column,Male_N,Male_Mean,Male_SD,Female_N,Female_Mean,Female_SD,t,p,Cohen_d,Significant
Age (years),age,78,21.141025641025642,2.1364150028187554,122,19.918032786885245,4.00534800323459,2.8056292474823645,0.005537102940800763,0.3594095555969141,True
UCLA Loneliness,ucla_score,78,37.6025641025641,11.216105933033635,122,42.13934426229508,10.681191914925938,-2.842167801872201,0.00507129406027669,-0.41651122127765544,True
DASS-21 Depression,dass_depression,78,5.82051282051282,7.004161267294969,122,8.344262295081966,7.591611825722578,-2.4048250797137225,0.01723081448064078,-0.342494685484873,True
DASS-21 Anxiety,dass_anxiety,78,4.615384615384615,5.813622089386426,122,6.065573770491803,5.454148023275697,-1.7623172477540696,0.07996788124497602,-0.2591156086164022,False
DASS-21 Stress,dass_stress,78,8.871794871794872,7.501270843601388,122,10.852459016393443,7.074190233304739,-1.861937376497748,0.06447949669445974,-0.2734488894708353,False
WCST Perseverative Error Rate,pe_rate,78,9.604647748510644,4.13475168714668,122,10.392193388960255,4.62747198733627,-1.2535480450914191,0.21165645782067768,-0.17728102741908477,False
