Variable,Column,N,r,CI_Lower,CI_Upper,p,Significant
DASS-Dep,dass_depression,212,0.6630124738444944,0.5800871174435749,0.7323356595206019,3.2336847135335967e-28,True
DASS-Anx,dass_anxiety,212,0.49718566679008425,0.3884596677285183,0.5922579017236556,1.2288847621940506e-14,True
DASS-Str,dass_stress,212,0.5499267615364971,0.4484035691279009,0.6374415906093537,3.739492366876818e-18,True
WCST PE,pe_rate,212,-0.11349671326973551,-0.24450866489512296,0.021584830851181205,0.09933287300597815,False
