Variable,Column,N,r,CI_Lower,CI_Upper,p,Significant
DASS-Dep,dass_depression,200,0.6634299852903952,0.5778781869337402,0.7345597733183922,9.737754562854199e-27,True
DASS-Anx,dass_anxiety,200,0.4776021114514519,0.36290627498302436,0.5780421410575356,8.615132860755181e-13,True
DASS-Str,dass_stress,200,0.5290256358073168,0.4211975333623978,0.6221071932073441,8.090100190389848e-16,True
WCST PE,pe_rate,200,-0.11646261005985972,-0.2511479837928069,0.022646859535840367,0.10052790112499807,False
