participant_id,ucla_total,dass_depression,dass_anxiety,dass_stress,stroop_interference,pe_rate,prp_bottleneck,gender,age,gender_male,pe_z,ucla_z,group
5zxa5CMLGQSSonWOXqXf0QNS3PH3,54.0,18.0,18.0,20.0,128.31587302400953,8.045977011494253,532.3104166562358,male,19,1,-0.550000444897129,0.989622973268068,Resilient
7cvQFrzIDEVAkFCcGAHZPUvJ2MF3,57.0,16.0,14.0,12.0,145.64166670375403,7.894736842105263,749.4193181540027,female,20,0,-0.582741330942787,1.2314313015779128,Resilient
80UJMJbCOMgs6YVpsMgXfYTzw6o2,56.0,2.0,4.0,18.0,74.12777777787096,7.042253521126761,498.858983860378,female,20,0,-0.7672892548226777,1.150828525474631,Resilient
GE4hogtdLdTFbNasENgtm6SO3hC3,56.0,10.0,4.0,4.0,167.11220778804818,4.477611940298507,479.6929347863338,female,19,0,-1.3224898875982614,1.150828525474631,Resilient
h12a1QYNpYbl3T0Gj1PxUz3EnEx2,60.0,14.0,14.0,20.0,320.37056277056456,5.555555555555555,569.5208333333381,female,22,0,-1.0891337017822944,1.4732396298877575,Resilient
tPxs1KmmX0ZKjHS9Nr63xoOPCRr2,65.0,34.0,0.0,4.0,91.36944452921546,7.246376811594203,665.9562499523164,female,20,0,-0.7231000859037373,1.876253510404165,Resilient
