participant_id,ucla_total,dass_depression,dass_anxiety,dass_stress,stroop_interference,pe_rate,prp_bottleneck,gender,age,gender_male,pe_z,ucla_z,group
2h5FgHUEvBS1twD5DqbTIRrMm1f2,65.0,28.0,6.0,16.0,144.23261904314393,13.131313131313131,569.2267704328402,male,23,1,0.5508870446865649,1.876253510404165,Vulnerable
ORvIk1xRWIQmKuLVe6GXNouvAXx2,54.0,12.0,16.0,8.0,292.52020203224345,16.831683168316832,599.0595238262957,female,24,0,1.3519532838858759,0.989622973268068,Vulnerable
iZScIvzhvAdvlsBXU5D8IHwvG6Q2,54.0,4.0,0.0,10.0,229.22450979355904,15.873015873015872,326.20932970811486,male,19,1,1.144418362456247,0.989622973268068,Vulnerable
