task,n_participants,pct_2comp_better,mean_bic_diff,median_bic_diff
PRP,168,73.21428571428571,11.185052352216804,7.355399539416453
Stroop,174,81.03448275862068,16.805441450408235,13.189803084341634
WCST,166,99.3975903614458,42.58305823616045,38.89744532851614
