task,n_participants,pct_2comp_better,mean_bic_diff,median_bic_diff
PRP,160,73.125,10.988498377535905,7.355399539416453
Stroop,164,80.48780487804879,16.012535013914928,12.157055836298923
WCST,155,99.35483870967742,42.457401269806745,39.0494533854137
