model,path,exogenous,mediator,endogenous,a_coef,a_se,a_p,b_coef,b_se,b_p,indirect
Model1_CLD,C → L → D,ef_composite,z_ucla,z_dass_dep,-0.05683429391620185,0.11379441985679913,0.617464439381401,0.6461214120647695,0.054686184212731366,0.0,-0.03672185423884048
Model2_CDL,C → D → L,ef_composite,z_dass_dep,z_ucla,-0.20771360090279517,0.113086733667569,0.06624479531660099,0.643942054349088,0.054502481767321725,0.0,-0.1337555228815925
Model3_LDC,L → D → C,z_ucla,z_dass_dep,ef_composite,0.6462272179751142,0.054678168993116186,0.0,-0.08140397476435476,0.044344671287065096,0.06640049734902598,-0.05260546414408538
Model4_LCD,L → C → D,z_ucla,ef_composite,z_dass_dep,-0.022448380221510602,0.04477664386832902,0.6161309537473307,-0.20770424417951622,0.11310466859532858,0.06630004737300976,0.00466262384696326
