gender,mean,se,ci_lower,ci_upper,significant
Female,-0.13004503561721922,0.05778408299393628,-0.24946294985827788,-0.021013413181190595,True
Male,-0.05006594365986834,0.055859141774464306,-0.15908530487806744,0.062355686159983305,False
