path,female_beta,female_se,male_beta,male_se
UCLA -> DASS Depression,0.6840852931867597,0.1041231918029054,0.649598087457573,0.0926596450247254
DASS Depression -> EF,-0.19069547222035252,0.07684899351085588,-0.0796168764192674,0.08739113112599323
UCLA -> EF (direct),0.08498588213824658,0.08693866066071455,0.1022166980980615,0.09739907045096842
