gender,z,p
Female,-2.1767775489482992,0.02949716894569221
Male,-1.2237267913809444,0.22105530940023455
