gender,z,p
Female,-2.3213741559818444,0.020266659113499452
Male,-0.9034441366456202,0.3662902241471926
