cluster,stroop_interference,pe_rate,wcst_mean_rt,prp_bottleneck,wcst_accuracy,t2_rt_mean_long
0,202.96204822764255,13.563402899051946,1956.6942933789505,675.8415076154821,77.09317159123142,806.1080019546648
1,100.75921125305345,8.543961332073307,1583.2125571144973,548.6665083112448,85.4717135876103,585.3088289054921
