,age,age,age,gender_male,gender_male,gender_male,ucla_total,ucla_total,ucla_total,dass_depression,dass_depression,dass_depression,dass_anxiety,dass_anxiety,dass_anxiety,dass_stress,dass_stress,dass_stress
,mean,std,count,mean,std,count,mean,std,count,mean,std,count,mean,std,count,mean,std,count
cluster,,,,,,,,,,,,,,,,,,
0,20.147058823529413,5.351146357536087,68,0.25,0.43623217151270105,68,39.794117647058826,11.024475922196343,68,6.4411764705882355,7.230495850012644,68,5.029411764705882,6.272352478852253,68,9.852941176470589,7.919868659174701,68
1,20.451923076923077,1.8947029261843173,104,0.4807692307692308,0.5020495707310654,104,42.02884615384615,11.009666300745517,104,8.48076923076923,8.302509585779271,104,5.846153846153846,5.416209455819214,104,10.25,7.554012628803084,104
