cluster,t2_rt_mean_long,prp_bottleneck,stroop_interference,wcst_accuracy,pe_rate,wcst_mean_rt
0,801.9968474805792,651.5665945820621,203.89776019933583,77.82886957858057,13.372033953847723,1643.0878415725313
1,578.5826964853773,544.3770601130326,95.50020007405344,86.71776825117169,8.32202420197133,1396.5709075667942
