,age,age,age,gender_male,gender_male,gender_male,ucla_total,ucla_total,ucla_total,dass_depression,dass_depression,dass_depression,dass_anxiety,dass_anxiety,dass_anxiety,dass_stress,dass_stress,dass_stress
,mean,std,count,mean,std,count,mean,std,count,mean,std,count,mean,std,count,mean,std,count
cluster,,,,,,,,,,,,,,,,,,
0,20.017543859649123,5.814056943766839,57,0.2631578947368421,0.44426165831931935,57,39.75438596491228,10.902622066264588,57,6.035087719298246,6.3974462323445405,57,4.947368421052632,5.9893388993383745,57,9.859649122807017,7.908942941134123,57
1,20.347826086956523,1.8482827349523607,92,0.44565217391304346,0.49976105136030813,92,42.46739130434783,11.43394895582096,92,8.901098901098901,8.785157868757898,91,6.197802197802198,5.712014200534363,91,10.54945054945055,7.78069367982021,91
