cluster,stroop_interference,prp_bottleneck,perseverative_error_rate
0,176.35116918257742,753.9014298296407,8.850061896968546
1,74.52098509127485,522.9878774936182,9.840569474562752
2,120.85814390265894,666.2721163223615,21.244511596642855
3,295.39930265105227,498.0078014222216,11.22421410107987
