,age,age,age,gender_male,gender_male,gender_male,ucla_total,ucla_total,ucla_total,dass_depression,dass_depression,dass_depression,dass_anxiety,dass_anxiety,dass_anxiety,dass_stress,dass_stress,dass_stress
,mean,std,count,mean,std,count,mean,std,count,mean,std,count,mean,std,count,mean,std,count
cluster,,,,,,,,,,,,,,,,,,
0,20.833333333333332,1.8804871400937502,24,0.25,0.4423258684646914,24,43.416666666666664,11.166396276198576,24,8.75,7.842193570679061,24,6.916666666666667,7.222649560006816,24,10.916666666666666,7.734264061933116,24
1,20.305555555555557,1.7373122828823746,36,0.5555555555555556,0.5039526306789697,36,41.361111111111114,12.837785251309127,36,8.555555555555555,8.37153150161544,36,6.333333333333333,5.482439498721608,36,11.38888888888889,7.586747007692437,36
2,18.833333333333332,0.40824829046386263,6,0.16666666666666666,0.408248290463863,6,36.166666666666664,5.913261931173579,6,3.6666666666666665,3.444802848737017,6,4.333333333333333,3.8815804341359033,6,8.0,7.042726744663604,6
3,21.4,3.2386554137309655,10,0.3,0.48304589153964794,10,41.6,15.55063414212495,10,6.6,6.186005711819757,10,5.0,6.128258770283412,10,7.6,6.168017869984202,10
