outcome,outcome_variable,n,r2_baseline,r2_with_ucla,delta_r2,ucla_beta,ucla_p,ucla_significant
Stroop Interference,stroop_interference,219,0.010450563829663917,0.013255720365368151,0.002805156535704234,7.3514422466433205,0.43734123963751115,False
