gender,z,p
Female,-0.8941158299146491,0.3712599204552567
Male,-0.861417201159854,0.3890083056409135
