gender,z,p
Female,-0.13683687076117818,0.8911597390958435
Male,0.9848221029230315,0.3247114616683231
