Group,Variable,Column,N,Mean,SD,Min,Max,Median,Skewness,Kurtosis
Total,Age (years),age,220,20.37272727272727,3.32105251212532,-20.0,29.0,20.0,-7.941523088173133,97.79101603885236
Total,UCLA Loneliness,ucla_score,220,40.52272727272727,11.035618208344683,20.0,73.0,40.0,0.37206554577437456,-0.3291093582815505
Total,DASS-21 Depression,dass_depression,220,7.609090909090909,7.904215919796617,0.0,42.0,4.0,1.6959288778366874,3.3257447405076617
Total,DASS-21 Anxiety,dass_anxiety,220,5.618181818181818,5.906395911285928,0.0,28.0,4.0,1.3300997464418989,1.4573860220090422
Total,DASS-21 Stress,dass_stress,220,10.145454545454545,7.58854744360609,0.0,42.0,10.0,0.8561031678517137,0.7303285464490212
Total,Stroop Interference RT,stroop_interference,220,139.14797737632432,103.64222498320694,-94.169444443658,480.58873015959125,126.61484127514927,0.7332375543832607,0.47121583947767887
Total,Stroop Interference RT Slope,stroop_interference_slope,220,0.11088303288642914,61.26997672904262,-235.14087301588336,170.47859199124758,-2.8887500073245214,0.0744789706185245,0.7892981221335496
