Variable,Column,Male_N,Male_Mean,Male_SD,Female_N,Female_Mean,Female_SD,t,p,Cohen_d,Significant
Age (years),age,84,21.107142857142858,2.117158001529962,136,19.919117647058822,3.820132142486258,2.9639018543352007,0.0033786701749842366,0.3624490123660806,True
UCLA Loneliness,ucla_score,84,37.904761904761905,11.621147163185343,136,42.13970588235294,10.374593463962029,-2.734120880199279,0.006955865372441824,-0.38974015834059955,True
DASS-21 Depression,dass_depression,84,6.071428571428571,7.905748578420512,136,8.558823529411764,7.781045065373172,-2.280920459496349,0.023767055803791702,-0.31772535644274186,True
DASS-21 Anxiety,dass_anxiety,84,4.761904761904762,6.223970467182712,136,6.147058823529412,5.660165436352946,-1.659451506904876,0.0989445485932632,-0.23552233741394688,False
DASS-21 Stress,dass_stress,84,9.0,8.269555137289714,136,10.852941176470589,7.07476413611785,-1.7042222649149124,0.09033727596525222,-0.2453583740670574,False
Stroop Interference RT,stroop_interference,84,131.26641300838634,98.18201788934324,136,144.01600242710956,106.94054993019792,-0.9041381160252305,0.3670832610981003,-0.12295500687030002,False
Stroop Interference RT Slope,stroop_interference_slope,84,7.03564583951453,63.964320052347134,136,-4.166176347677987,59.380959781434804,1.2966362215048162,0.19655625948756944,0.18313655136052445,False
