gender,metric,n,r,p
female,t2_slowing_after_t1_error,13,-0.02005462016165884,0.948151999895898
