gender,metric,n,r,p
male,t2_slowing_after_t2_error,10,0.5877943512417255,0.07392948005887588
female,t2_slowing_after_t1_error,13,-0.02005462016165884,0.948151999895898
