gender,mean,se,ci_lower,ci_upper,significant
Female,5.77808080912592,8.563532852237493,-10.409673543931135,22.907529560666344,False
Male,14.868943366958492,12.955265753230076,-10.455150999638633,40.62894966631496,False
