path,female_beta,female_se,male_beta,male_se
DASS Depression -> Loneliness,0.6052035373998949,0.07383093675851815,0.7638386076053219,0.10460320541339228
Loneliness -> Stroop Interference Effect,9.686562380957689,14.275161668387522,19.266739283067608,17.841217134904653
DASS Depression -> Stroop Interference Effect (direct),-16.05596455049249,11.409502401508018,-23.675850834274424,16.881955579828375
