gender,z,p
Female,0.6762475594617116,0.49888348138403993
Male,1.0682818713175866,0.2853933835020055
