gender,z,p
Female,0.3285606716036064,0.742487778551141
Male,1.6859861494518897,0.09179846714061113
