model,path,exogenous,mediator,endogenous,a_coef,a_se,a_p,b_coef,b_se,b_p,indirect
Model1_CLS,C → L → S,ef_composite,z_ucla,z_dass_str,-0.05697646498368835,0.11378760764460223,0.616563653721723,0.5166255841909894,0.06213571447170299,0.0,-0.029435499507335445
Model2_CSL,C → S → L,ef_composite,z_dass_str,z_ucla,-0.13223518358269426,0.11481310429013863,0.24942671683851003,0.5046661868815117,0.06071060968669354,0.0,-0.06673462587025498
Model3_LSC,L → S → C,z_ucla,z_dass_str,ef_composite,0.5165388699052864,0.06213461820479321,0.0,-0.050839113026106476,0.044143550007327906,0.24945381035357594,-0.026260377989492167
Model4_LCS,L → C → S,z_ucla,ef_composite,z_dass_str,-0.02238509639821532,0.044777803455429026,0.61713491751148,-0.13191069981223355,0.11480924430655678,0.2505743768207396,0.0029528337312528913
