parameter,recovery_r,recovery_p,n_simulations
alpha,-0.36394190473303534,0.00019752864215517418,100
beta,,,100
