gender,n,r,p
Male,64,0.012161271014114815,0.9240160604762652
Female,106,0.09085284215359848,0.3543348890890173
