dv,task,n,ucla_beta,ucla_se,ucla_p
wcst_post_shift_error_rt_mean,wcst,192,202.10435716730848,110.02676242686596,0.06622976262621276
stroop_interference_slope,stroop,197,19.03321466552682,6.265537177443848,0.0023834161934826936
