n_participants,ci_width_mean,ci_width_sd,ci_width_median,ci_width_p25,ci_width_p75
220,237.3518987772198,80.53085562684795,220.84440158293035,174.01523568420996,290.69782075694275
