n_trials,n_participants,beta,se,t,p
20985,197,-0.12732882136353185,1.7426501426614303,-0.07306619857102888,0.9417541424715026
