n_trials,n_participants,beta,se,t,p
20985,197,-0.011155354076195846,1.7399488409323798,-0.0064113115361587696,0.994884610088298
