n_participants,ci_width_mean,ci_width_sd,ci_width_median,ci_width_p25,ci_width_p75
220,235.38298496557528,81.31256151607637,218.34831954778954,174.91997397271228,279.49052905725244
