vif_max,vif_mean,task
2.5888341954474314,2.109636948034109,stroop
2.5888341954474314,2.109636948034109,wcst
