term,beta,se,z,p,re_formula,method,converged,fit_note
category_x_phase_x_ucla_exploration,0.0007885470724354023,0.005079918291921324,0.15522829839398036,0.8766413397836679,1,powell,True,
category_x_phase_x_ucla_confirmation,0.005564342280523783,0.004698324046714364,1.1843249263351776,0.23628446539492176,1,powell,True,
category_x_ucla_exploitation,-0.0015299313944096993,0.002438197127236411,-0.6274847006090147,0.5303415618386182,1,powell,True,
