n_participants,n_trials,ucla_beta,ucla_se,ucla_t,ucla_p,r2,adj_r2
196,3373,0.05910528369893786,0.03051085626970717,1.937188624811582,0.05421300390727666,0.05945687466568861,0.029598362750313578
