n_trials,n_participants,re_formula,method,converged,fit_note,warning_count,boundary_warning,warning_msg,llf,aic,bic,trial_scaled_beta,trial_scaled_se,trial_scaled_z,trial_scaled_p,cond_beta,cond_se,cond_z,cond_p,interference_time_beta,interference_time_se,interference_time_z,interference_time_p,ucla_beta,ucla_se,ucla_z,ucla_p,interference_time_x_ucla_beta,interference_time_x_ucla_se,interference_time_x_ucla_z,interference_time_x_ucla_p
14986,212,1 + trial_scaled + cond_code,lbfgs,True,,1,True,The MLE may be on the boundary of the parameter space.,-2989.944905890923,6019.889811781846,6172.1872460003315,-0.147365252061159,0.01243357881658069,-11.852199132291771,2.09616563348837e-32,0.13343574280117934,0.010446000025218437,12.773860087980333,2.2948513428398265e-37,0.005664582305996137,0.016009598711573727,0.3538241281401434,0.7234706900645902,0.011013696397733535,0.018267653433825397,0.6029070147203452,0.54657054918741,0.05106229820985829,0.0161192184783815,3.167789944552285,0.0015360245844232869
14986,212,1 + trial_scaled,lbfgs,True,,0,False,,-3029.464137136689,6092.928274273378,6222.38109335909,-0.14618678216629286,0.012410629886759365,-11.779158954877577,4.998936495925831e-32,0.1332151622328372,0.009335752653272767,14.269354296371265,3.397094041774929e-46,0.0055480193139813465,0.016109907407526183,0.34438554944080174,0.7305563548652936,0.012909403527838903,0.018449316024097558,0.6997226081973607,0.4841005546266586,0.05089680936999338,0.016215868589043697,3.1387038622391135,0.001696968491956777
14986,212,1,lbfgs,True,,2,True,The MLE may be on the boundary of the parameter space. | The Hessian matrix at the estimated parameter values is not positive definite.,inf,-inf,-inf,-0.14637569288696622,0.00802234879433302,-18.245989627173266,2.226676136364949e-74,0.1334172487001427,0.00933408436328732,14.29355505130181,2.4003631845671487e-46,0.005536988052289871,0.016113307956206264,0.34362826474480823,0.7311258655347528,0.0012550101541043033,,,,0.05043175318989935,0.01620946033655257,3.111254301056218,0.001862944316713637
