gender,z,p
Female,0.4715438610630454,0.6372524055466282
Male,-0.14232281377522743,0.8868250271629454
