Metric,Mean,SD,Min,Max
lapsed_occupancy,0.13773340517211538,0.1043740886779561,0.007936507936507936,0.4805194805194805
p_focused_to_lapsed,0.09737436919880926,0.08030121929076073,0.0,0.4032411959667771
p_lapsed_to_focused,0.6993970214442397,0.2738067028173968,0.022208239942860565,1.0
focused_mean_rt,1340.6705597950563,399.22128093560883,199.27903556200985,3687.3655999965667
lapsed_mean_rt,6583.6262039440935,8723.149062453014,1019.6396988451856,58860.60000002384
rt_difference,5242.955644149038,8470.061552250645,503.5365661824611,57051.02500003263
