outcome,outcome_label,n,ucla_beta,ucla_se,ucla_t,ucla_p,ucla_ci_lower,ucla_ci_upper,r_squared,adj_r_squared
lapsed_occupancy,Lapsed State Occupancy (%),162,0.018266259490770195,0.011809095129591595,1.5467958628767449,0.12399200031669269,-0.005064898049649529,0.04159741703118992,0.04755347081629968,0.009956897295890443
p_focused_to_lapsed,P(Focus → Lapse),162,0.004320916676922298,0.008860359161217517,0.48766834372079265,0.6264874244633927,-0.013184441116077066,0.02182627446992166,0.03228846915547101,-0.005910670219970937
p_lapsed_to_focused,P(Lapse → Focus),162,-0.0787756470307951,0.03017903858858107,-2.610276891345428,0.00995215683933368,-0.13840019031728332,-0.019151103744306903,0.08047256384307477,0.044175428205301404
p_lapsed_stay,P(Lapse → Lapse),162,0.07877564703079507,0.030179038588581075,2.610276891345426,0.009952156839333724,0.019151103744306855,0.1384001903172833,0.08047256384307444,0.04417542820530107
rt_difference,RT Difference (Lapsed - Focused),162,875.9438369051884,930.6158131676345,0.941251829714398,0.34806932195387263,-962.6681742905237,2714.5558481009,0.03238676736619517,-0.005808491816718275
