outcome,outcome_label,n,ucla_beta,ucla_se,ucla_t,ucla_p,ucla_ci_lower,ucla_ci_upper,r_squared,adj_r_squared
lapsed_occupancy,Lapsed State Occupancy (%),151,0.016666481082932633,0.011882904798484454,1.4025595059095548,0.16294618134410463,-0.00682520758947712,0.040158169755342386,0.06427655437761359,0.024458535414958793
p_focused_to_lapsed,P(Focus → Lapse),151,0.0028231381923453196,0.009274357918521456,0.30440254917349496,0.761270029874695,-0.015511632013521463,0.021157908398212102,0.028568692516216965,-0.012768809929901481
p_lapsed_to_focused,P(Lapse → Focus),151,-0.0733935164309817,0.0303594694048638,-2.417483502502305,0.01690553589689299,-0.13341210747528345,-0.01337492538667994,0.09477831900322498,0.056258247471447254
p_lapsed_stay,P(Lapse → Lapse),151,0.07339351643098176,0.0303594694048638,2.4174835025023067,0.01690553589689294,0.013374925386679996,0.1334121074752835,0.09477831900322509,0.056258247471447365
rt_difference,RT Difference (Lapsed - Focused),151,940.3604205666433,983.5084991269489,0.9561284131264673,0.34064380278013584,-1003.9685006838228,2884.6893418171094,0.03860786938290772,-0.0023024340476069938
