gender,n,r,p
Male,27,-0.011525077440697737,0.9545021332036084
