confirm_len,include_errors,model,slope,beta,se,z,p
3,True,log_rt,ucla_confirmation,0.028631882362460302,0.01995078627737158,1.4351255115661745,0.15125133494940823
3,True,log_rt,ucla_exploitation,0.013121018569853217,0.019302687332527182,0.6797508732238975,0.49666221780850117
