outcome_column,n,ucla_beta,ucla_se,ucla_t,ucla_p,r2,adj_r2,cov_type,outcome
wcst_exg_mu,212,7.099105372500588,19.26827446992787,0.36843493087978435,0.7129291396601041,0.11853131202189449,0.09273222847131579,OLS,wcst_exg_mu
wcst_exg_sigma,212,5.874352335485945,7.868204225771213,0.746593780096012,0.4561641662854745,0.05102164749992588,0.023246671329192004,OLS,wcst_exg_sigma
wcst_exg_tau,212,70.55233419650895,32.94120729798235,2.14176528377666,0.033392173236017855,0.03413783518203162,0.005868698650773996,OLS,wcst_exg_tau
wcst_exg_correct_mu,212,11.96073295363049,22.98808156862274,0.5203014839635912,0.603414908943001,0.09727418083166472,0.07085293734381104,OLS,wcst_exg_correct_mu
wcst_exg_correct_sigma,212,7.887038918683945,13.140663023856362,0.6002009871469448,0.5490351999734262,0.027235275461408914,-0.0012358872080133754,OLS,wcst_exg_correct_sigma
wcst_exg_correct_tau,212,61.253212468358356,28.20287995612401,2.1718779274900877,0.03101263322569453,0.034205798106746954,0.005938650734261475,OLS,wcst_exg_correct_tau
