term,beta,se,z,p
Intercept,7.44334257573523,0.018829457119957035,395.30308963852985,0.0
phase_code,-0.2683747513782799,0.007409890992247858,-36.218447971643634,3.119941089095485e-287
z_ucla_score,0.028631882362460302,0.01995078627737158,1.4351255115661745,0.15125133494940826
phase_code:z_ucla_score,-0.015510863792607086,0.00750815209347954,-2.065869683976901,0.03884078608846075
z_dass_depression,0.009811037327708345,0.022443872225791292,0.4371365702409421,0.6620123070914513
z_dass_anxiety,-0.0010814316531500927,0.021893679594449246,-0.04939469624029167,0.9606047547916874
z_dass_stress,-0.02190515732393825,0.02237795178046883,-0.9788723087274132,0.32764307605493315
z_age,0.0018089276429107805,0.014110962806580547,0.1281930700056271,0.8979961841564773
gender_male,-0.13643100592314483,0.02912652991783572,-4.6840803318489685,2.8121970889387623e-06
Group Var,0.23822863788357257,0.028590286846059236,8.332502544178181,7.915115725659735e-17
participant_category Var,0.13408666455073004,0.010405273904457571,12.886413734220676,5.36826788558207e-38
