outcome_column,n,ucla_beta,ucla_se,ucla_t,ucla_p,r2,adj_r2,cov_type,outcome
wcst_error_cascade_count,212,-0.19177049336491425,0.3407225165084291,-0.5628348115354743,0.5741623850251603,0.01729032021500576,-0.011471914315286824,OLS,wcst_error_cascade_count
wcst_error_cascade_rate,212,-0.1733771608766254,0.27228176211823996,-0.6367564229341786,0.524993904655183,0.024340927441245608,-0.004214947853157014,OLS,wcst_error_cascade_rate
wcst_error_cascade_mean_len,212,-0.08337028687192782,0.093146273250544,-0.895046940285836,0.37181169444472895,0.02998514754539372,0.0015944689369662424,OLS,wcst_error_cascade_mean_len
wcst_error_cascade_max_len,212,0.013117913512743162,0.27182962773636954,0.04825785041160194,0.9615577279208214,0.026975750769936746,-0.0015030077441138268,OLS,wcst_error_cascade_max_len
wcst_error_cascade_trials,212,-0.40389075071794056,1.261733932047782,-0.3201077029468723,0.7492127104374391,0.013671154879259961,-0.015197006441347138,OLS,wcst_error_cascade_trials
wcst_error_cascade_prop,212,-0.3863367833987761,1.0014286083204669,-0.38578564681382116,0.7000554719974399,0.017505421509653285,-0.011250517372991098,OLS,wcst_error_cascade_prop
