outcome_column,n,ucla_beta,ucla_se,ucla_t,ucla_p,r2,adj_r2,cov_type,outcome,outcome_type,confirm_len,include_errors,use_log,merge_pre
rt_ms_pre_exploitation,197,98.0323940362203,46.321829373581394,2.116332523173855,0.035618499455061826,0.0571971210340948,0.027424398540434547,nonrobust,pre_exploitation,phase_mean,3,True,False,True
rt_ms_exploitation,197,31.771697351694076,35.206436904283535,0.9024400122645879,0.3679657951239541,0.06543418103959575,0.035921576230319774,nonrobust,exploitation,phase_mean,3,True,False,True
pre_exploitation_minus_exploitation,197,66.26069668452627,37.20744857739237,1.7808449441703174,0.07653554011018182,0.03159329710295322,0.0010120328009410873,nonrobust,pre_exploitation_minus_exploitation,phase_contrast,3,True,False,True
