outcome_column,n,ucla_beta,ucla_se,ucla_t,ucla_p,r2,adj_r2,cov_type,outcome,ucla_fdr_q,ucla_fdr_sig
wcst_lapse_run_mean_z25,212,0.033690433170059673,0.0376886429650908,0.893914731853453,0.3713675149671297,0.025549249211659575,-0.0029712605675114023,HC3,WCST Lapse Run Mean (z>2.5),0.9665454065285989,False
wcst_lapse_rate_z30,212,-0.0006631219909969817,0.0010819471325209664,-0.6128968514865317,0.5399445452476597,0.0280302470181929,-0.00041764819103073947,HC3,WCST Lapse Rate (z>3.0),0.9665454065285989,False
wcst_error_run_mean,212,-0.014707044515508694,0.04761920787359067,-0.3088468954492024,0.7574379943863391,0.022485544889007114,-0.006124634284973229,HC3,WCST Error Run Mean,0.9665454065285989,False
wcst_lapse_run_mean_z30,212,0.005958892315836017,0.03480860643636813,0.17119020052495265,0.864074212603496,0.05367686604614896,0.025979603588963007,HC3,WCST Lapse Run Mean (z>3.0),0.9665454065285989,False
wcst_lapse_run_max_z30,212,-0.004566019413837934,0.039390799328838676,-0.11591588623831436,0.9077192051719116,0.04986729106944421,0.022058528856842563,HC3,WCST Lapse Run Max (z>3.0),0.9665454065285989,False
wcst_lapse_run_max_z25,212,0.0049530870529273935,0.05044982003661358,0.09817848803687956,0.9217905639873137,0.028132797276129717,-0.00031209646212992936,HC3,WCST Lapse Run Max (z>2.5),0.9665454065285989,False
wcst_lapse_rate_z25,212,-9.079541434380532e-05,0.0013428414475450642,-0.06761439670319555,0.9460925947156004,0.017219910260062865,-0.011544385049398809,HC3,WCST Lapse Rate (z>2.5),0.9665454065285989,False
wcst_error_run_max,212,0.010447216909401924,0.24909075258041563,0.0419414081059841,0.9665454065285989,0.027572335052444386,-0.0008889624582157918,HC3,WCST Error Run Max,0.9665454065285989,False
