outcome_column,n,ucla_beta,ucla_se,ucla_t,ucla_p,r2,adj_r2,cov_type,outcome,outcome_type
log_rt_exploration,195,0.03484430679551122,0.025679796523697514,1.3568762806728871,0.17644747411235404,0.04063937694464259,0.010021484719471618,nonrobust,exploration,phase_mean
log_rt_confirmation,197,0.039494274752020136,0.021196690854041068,1.8632283229479052,0.06397339413062392,0.12961616583271618,0.10213036054322289,nonrobust,confirmation,phase_mean
log_rt_exploitation,197,0.01282426049220877,0.020026223191306005,0.6403733929109595,0.5227013969753079,0.10795702758242032,0.07978724950607563,nonrobust,exploitation,phase_mean
exploration_minus_exploitation,195,0.02222350123890476,0.01904195384653799,1.1670809318207231,0.24465586015950752,0.028696853622844465,-0.0023021829636604707,nonrobust,exploration_minus_exploitation,phase_contrast
confirmation_minus_exploitation,197,0.026670014259811352,0.013354434836004516,1.9970904487778904,0.04724250167549815,0.032454162698899336,0.0019000836262329512,nonrobust,confirmation_minus_exploitation,phase_contrast
exploration_minus_confirmation,195,-0.005165387473126248,0.01880124297933646,-0.27473648836958686,0.7838203733509954,0.035680984608724264,0.004904845819641013,nonrobust,exploration_minus_confirmation,phase_contrast
