gender,mean,se,ci_lower,ci_upper,significant
Female,-0.03013493578995613,0.025752828332285045,-0.08612741387525218,0.017895465615741145,False
Male,-0.004232130265279916,0.03921334826943229,-0.0807297955056923,0.07695570706307339,False
