path,female_beta,female_se,male_beta,male_se
UCLA -> DASS Anxiety,0.4826095560442987,0.104492466891579,0.5102624782088585,0.1363616468896214
DASS Anxiety -> EF,-0.07319486901141171,0.06878310541885344,0.02653012369433369,0.09199676840818549
UCLA -> EF (direct),-0.009633556674229129,0.06679024380456013,0.03735619718393776,0.07191643446889734
