gender,z,p
Female,-1.2085122780663653,0.22685027592943752
Male,-0.13639595343773386,0.8915082724732402
