gender,z,p
Female,-1.0369720328220495,0.29974889127420923
Male,0.2875284537141526,0.7737077183866601
