,UCLA,DASS-Dep,DASS-Anx,DASS-Str,PRP Delay
UCLA,1.0,0.6766083461206674,0.49680659483401723,0.5496994459786769,0.16818555645958488
DASS-Dep,0.6766083461206674,1.0,0.661896177638935,0.6708333252554601,0.08214428577734202
DASS-Anx,0.49680659483401723,0.661896177638935,1.0,0.7408264519523017,0.10945663526562194
DASS-Str,0.5496994459786769,0.6708333252554601,0.7408264519523017,1.0,0.11913905270471556
PRP Delay,0.16818555645958488,0.08214428577734202,0.10945663526562194,0.11913905270471556,1.0
