,UCLA,DASS-Dep,DASS-Anx,DASS-Str,PRP Delay
UCLA,0.0,1.829438414958317e-29,1.7288834444011114e-14,5.5924775966877e-18,0.17306593188392916
DASS-Dep,1.829438414958317e-29,0.0,7.638285263517466e-28,8.120346286709385e-29,0.8824464952199123
DASS-Anx,1.7288834444011114e-14,7.638285263517466e-28,0.0,8.375017120357029e-38,0.7056982330114163
DASS-Str,5.5924775966877e-18,8.120346286709385e-29,8.375017120357029e-38,0.0,0.9848006472630619
PRP Delay,0.17306593188392916,0.8824464952199123,0.7056982330114163,0.9848006472630619,0.0
