,UCLA,DASS-Dep,DASS-Anx,DASS-Str,PRP Delay
UCLA,1.0,0.6766083461206674,0.49680659483401723,0.5496994459786769,0.16770048074633204
DASS-Dep,0.6766083461206674,1.0,0.661896177638935,0.6708333252554601,0.07875369419263802
DASS-Anx,0.49680659483401723,0.661896177638935,1.0,0.7408264519523017,0.10755325047079076
DASS-Str,0.5496994459786769,0.6708333252554601,0.7408264519523017,1.0,0.11676665987247896
PRP Delay,0.16770048074633204,0.07875369419263802,0.10755325047079076,0.11676665987247896,1.0
