,UCLA,DASS-Dep,DASS-Anx,DASS-Str,PRP Delay
UCLA,0.0,1.829438414958317e-29,1.7288834444011114e-14,5.5924775966877e-18,0.015220432032575863
DASS-Dep,1.829438414958317e-29,0.0,7.638285263517466e-28,8.120346286709385e-29,0.2570202429525388
DASS-Anx,1.7288834444011114e-14,7.638285263517466e-28,0.0,8.375017120357029e-38,0.12112861603465983
DASS-Str,5.5924775966877e-18,8.120346286709385e-29,8.375017120357029e-38,0.0,0.09223648848421553
PRP Delay,0.015220432032575863,0.2570202429525388,0.12112861603465983,0.09223648848421553,0.0
