Variable,Column,Male_N,Male_Mean,Male_SD,Female_N,Female_Mean,Female_SD,t,p,Cohen_d,Significant
Age (years),age,82,21.158536585365855,2.116773180143742,128,19.9140625,3.9245388790768563,2.9751068782120886,0.00328426370012602,0.372707162908452,True
UCLA Loneliness,ucla_score,82,37.80487804878049,11.719393049204143,128,42.234375,10.44406501772601,-2.786395699259043,0.0059818801109824595,-0.4042114167756812,True
DASS-21 Depression,dass_depression,82,6.048780487804878,7.999849441522134,128,8.484375,7.875992001011682,-2.165441268693784,0.03174086329974599,-0.3073516705122218,True
DASS-21 Anxiety,dass_anxiety,82,4.658536585365853,6.246420233478763,128,6.078125,5.653525657694031,-1.6666103471746285,0.09754603963153685,-0.24095492529696877,False
DASS-21 Stress,dass_stress,82,8.878048780487806,8.32724257994478,128,10.84375,7.136947780532463,-1.762706498953702,0.07994025476159668,-0.25787786709410104,False
PRP Delay Effect,prp_bottleneck,82,536.2086163082076,145.63679728858554,127,634.2460296005394,148.48908872778273,-4.715333638612281,4.902291004202146e-06,-0.6652036460330983,True
