Variable,Category,N,Percent
Gender,Male,82,39.04761904761905
Gender,Female,128,60.952380952380956
