Group,Variable,Column,N,Mean,SD,Min,Max,Median,Skewness,Kurtosis
Total,Age (years),age,210,20.4,3.386152493337235,-20.0,29.0,20.0,-7.8746498133243925,94.99668782091504
Total,UCLA Loneliness,ucla_score,210,40.50476190476191,11.144654615467603,20.0,73.0,39.5,0.38744626084988915,-0.3451490008836724
Total,DASS-21 Depression,dass_depression,210,7.533333333333333,7.994695210897756,0.0,42.0,4.0,1.7169300385204418,3.3451775268981088
Total,DASS-21 Anxiety,dass_anxiety,210,5.523809523809524,5.918255332751444,0.0,28.0,4.0,1.3749080587978135,1.598036212710614
Total,DASS-21 Stress,dass_stress,210,10.076190476190476,7.6648645191886144,0.0,42.0,8.0,0.8792479383918022,0.7465780886068778
Total,PRP Delay Effect,prp_bottleneck,209,594.8878247148839,154.28043159344813,279.4812500008071,1017.8824358974357,592.7583333284906,0.1422267316310689,-0.4643489335381248
