outcome,threeway_beta,threeway_pval,model_rsquared,model_aic
wcst_pe_rate,,,0.19628525374099814,467.8171734322646
prp_bottleneck,,,0.2990382008943344,1011.8320326475765
