outcome,group,n,r2_quadratic,linear_coef,quadratic_coef,p_quadratic,nonlinear_significant
WCST PE Rate,Full Sample,151,0.017844222991331482,0.2731631185946264,-0.0036504690900894506,0.21503765315750378,False
WCST PE Rate,Male,56,0.001896742934421658,0.07253123128966965,-0.0007154959965552966,0.8476328465658801,False
WCST PE Rate,Female,93,0.03746155381080274,0.33012147072467124,-0.004759983731026409,0.25268782483560004,False
PRP Bottleneck,Full Sample,156,0.025743640706206605,14.959381274869532,-0.16653896022392833,0.058650461775434336,False
PRP Bottleneck,Male,58,0.06580027153053025,16.319127634183655,-0.16539388094592308,0.1972208211573469,False
PRP Bottleneck,Female,95,0.020657645165754412,11.483418259444544,-0.14022336881549302,0.18832500927332402,False
WCST Accuracy,Full Sample,151,0.019282579621140217,-0.7541092582803968,0.009288943554225111,0.11046463029121643,False
WCST Accuracy,Male,56,0.00673407144053606,-0.4094385850953284,0.004656035929418642,0.5611433373669032,False
WCST Accuracy,Female,93,0.04467879119463947,-0.8144696055815774,0.011088512543403185,0.14460787676039444,False
