gender,z,p
Female,0.22999323188674892,0.818097028931015
Male,-0.29522008227850566,0.7678257618696118
