,UCLA,DASS-D,DASS-A,DASS-S,WCST PE,Stroop Int,PRP Bottleneck
UCLA,1.0,4.325212476539237e-09,3.5949182930606566e-05,0.00035365233139657607,0.09891774990575282,0.9282692774395924,0.5236309209659272
DASS-D,4.325212476539237e-09,1.0,0.00011097943405680091,0.0012098283930018806,0.08236088888865875,0.8502430400310111,0.9313604285479384
DASS-A,3.5949182930606566e-05,0.00011097943405680091,1.0,8.335124836527489e-06,0.4253637512734738,0.8883352980499504,0.6358987948305007
DASS-S,0.00035365233139657607,0.0012098283930018806,8.335124836527489e-06,1.0,0.19820297202359224,0.49091913907049395,0.661282843923601
WCST PE,0.09891774990575282,0.08236088888865875,0.4253637512734738,0.19820297202359224,1.0,0.619080666765552,0.3122180185202945
Stroop Int,0.9282692774395924,0.8502430400310111,0.8883352980499504,0.49091913907049395,0.619080666765552,1.0,0.2504641009375962
PRP Bottleneck,0.5236309209659272,0.9313604285479384,0.6358987948305007,0.661282843923601,0.3122180185202945,0.2504641009375962,1.0
