task,mean_accuracy,sd_accuracy,ceiling_effect,n
WCST,82.14181065222613,9.915076960687838,No,149
Stroop,0.9846196868008947,0.019113233091601487,No,149
