n,split_half_r,p_value,spearman_brown_corrected,interpretation
81,0.30691536838355643,0.0053213951370741745,0.46967902560234065,Poor
