n,split_half_r,p_value,spearman_brown_corrected,interpretation
155,0.35152173201252923,7.29257564044368e-06,0.5201865773761313,Good
