model,subset,n,auc,auc_std,accuracy,precision,recall,f1
Logistic Regression,Overall,26,0.6583333333333333,0.17950549357115014,0.6466666666666666,0.8099999999999999,0.7,0.6968253968253968
Logistic Regression,Female,19,0.6750000000000002,0.08897565210026093,0.626984126984127,0.7936507936507936,0.7999999999999999,0.734920634920635
Random Forest,Overall,26,0.5083333333333333,0.17950549357115014,0.49333333333333335,0.67,0.6666666666666666,0.6085714285714285
Random Forest,Female,19,0.8624999999999999,0.13030413142593242,0.7380952380952381,0.7936507936507936,0.9333333333333332,0.8407407407407407
