model,subset,n,auc,auc_std,accuracy,precision,recall,f1
Logistic Regression,Overall,21,0.8666666666666668,0.19436506316151,0.8699999999999999,0.9,0.8,0.8333333333333333
Logistic Regression,Female,14,0.611111111111111,0.0785674201318386,0.6333333333333333,0.6166666666666667,0.8333333333333334,0.7023809523809524
Random Forest,Overall,21,0.9,0.2,0.85,0.9333333333333333,0.8,0.8266666666666665
Random Forest,Female,14,0.27777777777777773,0.20786985482077452,0.65,0.7555555555555555,0.7222222222222222,0.6944444444444443
