feature,importance
dass_depression,1.1392425971070055
dass_anxiety,0.6005418114686566
prp_bottleneck,0.44838048241869294
wcst_mean_rt,0.39371583725983433
t2_rt_mean_long,0.3322446259916946
stroop_interference,0.30161821457962906
stroop_effect,0.29904776450588083
dass_stress,0.23381027561972506
wcst_accuracy,0.17385020272091598
pe_rate,0.11834094280520584
t2_rt_mean_short,0.013573543438568234
