feature,importance
dass_depression,1.7680656396092154
dass_stress,1.3188202576835193
dass_anxiety,0.8906676313403742
prp_bottleneck,0.5411981545615268
perseverative_error_rate,0.2593736404825177
stroop_interference,0.251078917139876
