feature,importance
dass_depression,0.23787780466838926
dass_anxiety,0.18502090559043172
t2_rt_mean_long,0.15051570750858545
t2_rt_mean_short,0.08276907069388272
prp_bottleneck,0.07066115875279795
dass_stress,0.062093774702158336
stroop_interference,0.05800051637088096
wcst_mean_rt,0.05679251342521398
stroop_effect,0.03623532525021262
pe_rate,0.03133977061973298
wcst_accuracy,0.02869345241771391
