feature,importance
dass_depression,0.45606552232223285
dass_stress,0.19036098561305279
dass_anxiety,0.1588521190952404
perseverative_error_rate,0.09755014437628208
prp_bottleneck,0.05711507482888395
stroop_interference,0.04005615376430786
