depression,anxiety,stress,cell_label,outcome,n,n_female,n_male,interaction_beta,interaction_pval,female_corr,female_p,male_corr,male_p
Low,Low,Low,LowDep×LowAnx×LowStress,pe_rate,23,14,9,2.764534347309754,0.05034003355860492,0.06044575476148161,0.8373635087261089,0.6778205226096633,0.04481349846553871
Low,Low,Low,LowDep×LowAnx×LowStress,wcst_accuracy,23,14,9,-5.985730084011864,0.13921607405641215,-0.18218904683981557,0.5330312782272267,-0.5973783246569085,0.08938367742892873
High,High,High,HighDep×HighAnx×HighStress,pe_rate,23,14,9,1.404692774815881,0.2087146561089352,-0.2828175244601071,0.3272117546308416,0.348297235328848,0.35832590461454045
High,High,High,HighDep×HighAnx×HighStress,wcst_accuracy,23,14,9,-3.2991762809386342,0.15407295655979486,0.48699906434598417,0.0773738053561467,0.0073822591335616985,0.9849616681636413
