gender,z,p
Female,0.2618627075920114,0.7934272916224976
Male,0.1708889486941137,0.8643110865048882
