outcome,term,beta,p,n
lose_stay_rate,UCLA,-0.013879585331746254,0.3311180535679785,170
lose_stay_rate,UCLA x Male,0.01660850956117268,0.3451910668540824,170
lose_shift_rate,UCLA,0.011041621899535033,0.5541649750520179,170
lose_shift_rate,UCLA x Male,-0.021824289837504438,0.37821354750573655,170
win_stay_rate,UCLA,0.006866393482348056,0.510067602668004,171
win_stay_rate,UCLA x Male,-0.001330856967375161,0.885613652328778,171
lose_stay_rate,UCLA_corr_Female,-0.16795954809784996,0.08677502452321322,105
lose_stay_rate,UCLA_corr_Male,-0.017546585958400224,0.8896628354689687,65
