node,label,community,strength,strength_z,betweenness,closeness,eigenvector,bridge_strength,bridge_ratio,degree
z_ucla,UCLA Loneliness,Affect,0.7374226074057113,0.3669504369339698,0.4,0.09333904383834994,0.40089657441015325,0.1411649403355344,0.19143017710313973,6
z_dass_dep,DASS Depression,Affect,1.101908685463509,1.4416850879577998,0.5333333333333333,0.09186814080436884,0.5684392449456646,0.08266094209719861,0.07501614533733161,5
z_dass_anx,DASS Anxiety,Affect,0.801867519038387,0.5569746485111877,0.0,0.07681443859419262,0.4980473999955355,0.0,0.0,3
z_dass_str,DASS Stress,Affect,0.8289611473755741,0.636863738791664,0.0,0.0777914286767847,0.5090529574261551,0.0,0.0,3
pe_rate,WCST PE Rate,Executive,0.264402268982754,-1.0278116100859909,0.0,0.05667147283493672,0.057643517000231265,0.07177768062967634,0.27147150024782174,4
stroop_interference,Stroop Interference,Executive,0.21697588989630584,-1.1676544629280001,0.0,0.04881542012329172,0.04752173378277086,0.06408767740230287,0.29536773617073664,4
prp_bottleneck,PRP Bottleneck (ms),Executive,0.3392857766476457,-0.8070078391806292,0.4,0.07931208138109207,0.05823697357609716,0.08796052440075379,0.2592520242665591,3
