outcome,outcome_label,n,ucla_beta,ucla_se,ucla_p,beta,se,rope_low,rope_high,p_in_rope,p_below_rope,p_above_rope,hdi_low,hdi_high,hdi_in_rope,prob_positive,prob_negative,conclusion,interaction_beta,interaction_p
pe_rate,WCST PE Rate,170,-0.08534373852508957,0.1328856594638188,0.5207210163742608,-0.08534373852508957,0.1328856594638188,-0.1,0.1,0.4617,0.4563,0.082,-0.3469311108264491,0.17699085628462607,False,0.259,0.741,UNDECIDED (insufficient evidence),0.12423890062922824,0.3399023870784946
wcst_accuracy,WCST Accuracy,170,0.1218869763690457,0.12801693562993766,0.3410381408325446,0.1218869763690457,0.12801693562993766,-0.1,0.1,0.3868,0.0401,0.5731,-0.12797983220616524,0.3732706701993795,False,0.8374,0.1626,UNDECIDED (insufficient evidence),-0.1035143963728902,0.3943459772733101
stroop_interference,Stroop Interference,170,0.04369847698350438,0.12246953372106276,0.7212332996645396,0.04369847698350438,0.12246953372106276,-0.1,0.1,0.5541,0.1245,0.3214,-0.19406693340615408,0.2793377868064209,False,0.6361,0.3639,UNDECIDED (insufficient evidence),0.10472592904326539,0.49607954511912833
prp_bottleneck,PRP Bottleneck,166,0.019430179210728274,0.12222792327958153,0.8736950478430984,0.019430179210728274,0.12222792327958153,-0.1,0.1,0.5766,0.1663,0.2571,-0.2214734127561316,0.25966349663555094,False,0.5603,0.4397,UNDECIDED (insufficient evidence),0.25724130362989484,0.06824628964990277
