feature,importance
pes_ms,0.5182878983213574
ucla_total,0.26881063017668
age,0.17417670277310243
gender_male,0.03872476872886019
