gender,z,p
Female,-0.8359218815836784,0.40319885158430413
Male,0.22432211300436158,0.8225066709193893
