mediator,male_indirect,female_indirect,difference,male_significant,female_significant
Depression,-1.1456014602376428,-0.47514297545985873,-0.670458484777784,False,False
Anxiety,-0.8511882374410092,0.2233535390765772,-1.0745417765175864,False,False
Stress,-1.4549038539215902,-0.0982899741939943,-1.356613879727596,False,False
