gender,mediator,N,a_path,b_path,c_path,c_prime,indirect_effect,ci_lower,ci_upper,proportion_mediated,significant
male,Depression,30,0.8865194158927097,-1.292246328394333,0.8730192296005649,2.0186206898382135,-1.1456014602376428,-3.600490379843644,0.6159621779506352,-1.3122293546292139,False
male,Anxiety,30,0.7040423982033074,-1.20900138913965,0.8730192296005649,1.7242074670415763,-0.8511882374410092,-2.3059896991754805,0.17817504020495237,-0.9749936869437068,False
male,Stress,30,0.7862070770985664,-1.8505351787099082,0.8730192296005649,2.3279230835221543,-1.4549038539215902,-3.6290321595319988,0.34484574740821505,-1.6665198252130788,False
female,Depression,47,0.6359643243110639,-0.7471220590472243,-1.173230272450335,-0.6980872969904761,-0.47514297545985873,-1.6700192612235507,0.42687615165359294,0.4049869719671527,False
female,Anxiety,47,0.4981462270242944,0.4483694284122006,-1.173230272450335,-1.396583811526912,0.2233535390765772,-0.616726980172391,1.3622991580129935,-0.19037485165644,False
female,Stress,47,0.4734724762543284,-0.20759384995633257,-1.173230272450335,-1.0749402982563403,-0.0982899741939943,-1.3466347160167202,0.817722469337038,0.08377722302435313,False
