gender,mediator,N,a_path,b_path,c_path,c_prime,indirect_effect,ci_lower,ci_upper,proportion_mediated,significant
male,Depression,27,0.890942338946084,-1.1632608228938537,0.937158188443641,1.97355650679704,-1.0363983183533965,-3.8105719128041717,0.9327402582575287,-1.1058947476888248,False
male,Anxiety,27,0.70660820937736,-1.2650582252717835,0.937158188443641,1.8310587157610434,-0.8939005273173959,-2.4685020578589367,0.19408640959449233,-0.9538416655163798,False
male,Stress,27,0.7930921486879825,-2.022012821176114,0.937158188443641,2.540800681464866,-1.6036424930212134,-4.0708873381579345,0.4318540576256323,-1.711175885561452,False
female,Depression,46,0.6469909801960452,-0.7939258145609978,-1.1849240655816808,-0.6712612246159204,-0.5136628409657635,-1.8797047871942039,0.5074428224038052,0.43349853031603824,False
female,Anxiety,46,0.4953462507664767,0.45639820875947246,-1.1849240655816808,-1.4109992071472257,0.22607514156554043,-0.5987966200209753,1.3982353206537317,-0.1907929361317848,False
female,Stress,46,0.4785508644352425,-0.20416073219424913,-1.1849240655816808,-1.087222770706393,-0.09770129487528996,-1.3126345809506577,0.8849359022561704,0.08245363370802015,False
