gender,mediator,N,a_path,b_path,c_path,c_prime,indirect_effect,ci_lower,ci_upper,proportion_mediated,significant
male,Depression,55,0.6988326753250156,-0.4207701506951235,0.07195087470307703,0.3659988048102616,-0.29404793010718316,-1.497038354226488,1.0199851313952841,-4.086787427125024,False
male,Anxiety,55,0.5067601243446894,-0.3660894579073058,0.07195087470307703,0.25747041391346276,-0.18551953921038622,-0.8385404926832186,0.4039527254788821,-2.5784195115900705,False
male,Stress,55,0.6373419792554061,-0.5199701718088713,0.07195087470307703,0.4033496931575159,-0.33139881845443964,-1.3465924808562832,0.8928245098256268,-4.6059039563040525,False
female,Depression,93,0.6162547874256165,-1.0906602615539323,-0.9057473797718972,-0.23362277213441263,-0.6721246076374857,-1.619746792034672,0.06367994959797435,0.742066300878235,False
female,Anxiety,93,0.41933280116934774,-0.2920749102147316,-0.9057473797718972,-0.7832707895202726,-0.12247659025162913,-0.8513396197686043,0.5239819512501868,0.13522157831963427,False
female,Stress,93,0.4234876913449772,-0.2201458771975415,-0.9057473797718972,-0.8125183104783974,-0.0932290692935017,-0.705185938523028,0.4103890202807196,0.1029305426386996,False
