k,BIC,AIC,Entropy,Gender_chi2,Gender_p,UCLA_F,UCLA_p
2,1438.96,1275.37,0.049,1.02,0.311,1.85,0.178
3,2703.5427203408517,2387.269225177517,0.05227069887715162,2.3470197776080126,0.672222045858098,1.9015435098531597,0.15320244907561476
4,2808.3672907970536,2385.6840215600732,0.1010069144024806,3.939338202867614,0.6848854635235875,1.4107278911472463,0.24230851808419313
