profile,N,PRP_tau_mean,PRP_tau_sd,PRP_RMSSD_mean,PRP_RMSSD_sd,PRP_sigma_mean,PRP_sigma_sd,WCST_tau_mean,WCST_tau_sd,WCST_RMSSD_mean,WCST_RMSSD_sd,Stroop_tau_mean,Stroop_tau_sd,Stroop_RMSSD_mean,Stroop_RMSSD_sd
1,26,258.01038971926897,141.1774474614352,665.4200791209153,94.79935405879188,111.82322098379427,76.98949234502412,1092.0209143215363,289.6205456511037,1498.5066459460045,477.7317057513546,285.9100945560102,118.9941951776181,398.1833618712998,111.4350560364534
2,48,172.14090596442372,91.89252633750918,538.1518679905655,116.97229176169445,53.467086209084435,42.702343356228475,691.1678487022937,173.90462887723893,972.2061098544269,298.36159568532037,228.74651238455317,116.75177486801124,345.45648033200774,96.7249692083823
