profile,N,n_male,n_female,pct_male,age_mean,age_sd,ucla_mean,ucla_sd,dass_dep_mean,dass_anx_mean,dass_str_mean
1,34,13,21,38.23529411764706,20.264705882352942,1.5434872662825796,41.85294117647059,11.822250088200219,8.352941176470589,7.0,12.176470588235293
2,47,19,26,40.42553191489361,20.319148936170212,1.6299690978495562,41.04255319148936,11.055113801566558,8.042553191489361,5.446808510638298,9.23404255319149
3,18,8,10,44.44444444444444,21.22222222222222,2.9416992999356393,40.111111111111114,10.802444651907102,6.444444444444445,4.444444444444445,11.0
4,35,13,22,37.142857142857146,19.514285714285716,7.249224820917177,41.142857142857146,10.36720751198888,7.428571428571429,6.057142857142857,9.6
5,8,2,6,25.0,20.625,1.7677669529663689,47.75,13.833189901723422,9.5,3.75,9.25
