k,bic,aic,log_likelihood,mean_entropy,relative_entropy,converged
2,1438.9610968187103,1275.3724752012142,-566.6862376006071,0.034128058046798526,0.049236380099286915,True
3,1503.3137558266133,1256.778790853767,-521.3893954268835,0.045506346355804236,0.041421661513520246,True
4,1487.9450830264552,1158.463774698259,-436.23188734912947,0.049713546959649225,0.035860743831843275,True
5,1549.938062851286,1137.5104111677397,-389.7552055838698,0.05716239165984071,0.03551699088123803,True
6,1517.6266832898177,1022.252688250921,-296.1263441254605,0.0352470773632388,0.019671768431297493,True
