outcome,threeway_beta,threeway_pval,model_rsquared,model_aic
wcst_pe_rate,,,0.19755633646333526,447.33521979655774
prp_bottleneck,,,0.3138046858922793,960.7733047329984
