participant_id,profile,ucla_total,pe_rate,wcst_accuracy
xyAILKfYP2M8GqAai11x6NT7IcP2,Control,35.0,9.876543209876543,83.9506172839506
pcbRW89vVJcviD87V3uxyG4I9st2,Control,33.0,2.8169014084507045,94.36619718309859
u64Uf920g5VD9Byq26LT2rs5o4t1,Control,34.0,13.084112149532709,84.11214953271028
cUugYJoOmOSFc0Mh5JD0ZXJrYN52,Control,40.0,8.403361344537815,85.71428571428571
ric6cNjG25XmZJCiKZDOxzeezao1,Vulnerable,44.0,18.0,75.0
2h5FgHUEvBS1twD5DqbTIRrMm1f2,Vulnerable,65.0,13.131313131313133,77.77777777777779
A9AEg0g6c2P1Bk72HLmnK3oWJ9B2,Control,38.0,10.975609756097562,80.48780487804879
Qg9GDwQ9hBNkDLt50CNLd4NqRlX2,Moderate,64.0,10.144927536231885,88.40579710144928
LliUMEIsrCVZ88YFQfevan2Og4z1,Control,28.0,13.402061855670103,81.44329896907216
iZScIvzhvAdvlsBXU5D8IHwvG6Q2,Vulnerable,54.0,15.873015873015872,66.66666666666666
wdppvL4tIkVlGjou6aYzzjlaZXB2,Vulnerable,44.0,23.4375,41.40625
DPvStUYSmohmXwFwaKRqHv89R3k1,Resilient,52.0,4.761904761904762,95.23809523809523
kR2rCtaPyPaj7YMizKUDn5xL2qx1,Moderate,53.0,11.904761904761903,83.33333333333334
mwsliuPsLFhRFjtjQwYkqcCRDvi2,Moderate,49.0,9.722222222222223,86.11111111111111
iKVZi0Oo96UrMBhPQMHWFcf55uA3,Control,33.0,5.88235294117647,88.23529411764706
Lhv9P8ZrkDSIB7BGwooAqfu8SGF3,Control,34.0,8.450704225352112,88.73239436619718
ssPK6ISW0HerTGke9hznqJ2LpKu1,Control,41.0,9.63855421686747,84.33734939759037
qsRKc69hK6e8Uu6vr2pBO8NbpMt2,Control,40.0,8.860759493670885,88.60759493670885
5zxa5CMLGQSSonWOXqXf0QNS3PH3,Resilient,54.0,8.045977011494253,85.0574712643678
CGyTPhevTbSvVnZ8qSP0NtWuhgw1,Control,30.0,12.087912087912088,78.02197802197803
WbOfW9KmUkPQK8o5hlHJnJFdpp92,Control,22.0,6.122448979591836,82.6530612244898
QG6VXg7od2fHJ1SF9ZzYBqUa1FY2,Resilient,49.0,8.108108108108109,86.48648648648648
cEIs6U87xfbSL5eFTXDK77MmvNf1,Moderate,62.0,10.679611650485436,84.46601941747572
Fz7EUjZCLuUBxLDUVtN6djaBTy42,Moderate,49.0,11.904761904761903,83.33333333333334
xBGZhFOeypWnqzSQClkrwV9z2vF3,Moderate,43.0,10.256410256410255,82.05128205128204
HyQM2xKwwuVfqidmRYF6TiRk90C2,Control,21.0,8.433734939759036,87.95180722891565
iWsc4pghIEWOQUZKuQJMfe516UI3,Control,27.0,7.5,86.25
jzdk8E3tVXTXIozlfK5oeEb7wWp2,Control,37.0,10.256410256410255,89.74358974358975
pRQimOpZtsekBI2I1kbnD3pycmo1,Control,25.0,10.38961038961039,83.11688311688312
HSggdq91WiQp16bOj7V3dABkcgk2,Resilient,44.0,7.865168539325842,85.39325842696628
PLreonkqaMeFc0UqxKUelH44UQu1,Vulnerable,44.0,15.625,77.08333333333334
