outcome,tertile_main_p,gender_main_p,interaction_p,model_rsquared
pe_rate,0.4638540986337386,0.5945121858266228,0.16608134124511656,0.1186394647505854
wcst_accuracy,0.1178084791275593,0.6844904319267898,0.22094207494837786,0.17844087705030964
