gender,n,r,p,mean_slope,sd_slope
male,27,0.2513693363340618,0.20595252593033186,10.178888294432525,67.3915077378054
female,45,0.29233988118879883,0.05133179612500179,2.4683274265912543,74.17422314128505
