feature,importance
pe_last_10,0.22115712791317785
trial_num_norm,0.22031540325899457
correct_streak,0.18302744196638226
rt_sd_last_5,0.11316001581917969
rt_last_5,0.10432829853696853
rt_change,0.09052975969883012
ucla,0.05772717121117513
gender_male,0.009754781595291799
acc_last_10,0.0
is_post_error,0.0
