feature,importance
pe_last_10,0.21930151054547167
trial_num_norm,0.20224399461123588
correct_streak,0.16965971501620325
rt_sd_last_5,0.12237421614309624
rt_last_5,0.11313973168127578
rt_change,0.10644372930599388
ucla,0.0668371026967235
acc_last_10,0.0
is_post_error,0.0
gender_male,0.0
