feature,importance
trial_num_norm,0.2002511962199128
correct_streak,0.1941045850027555
pe_last_10,0.18496022246987928
rt_sd_last_5,0.12518051410495767
rt_last_5,0.11527368959568744
rt_change,0.1065142511892058
ucla,0.07371554141760152
acc_last_10,0.0
is_post_error,0.0
gender_male,0.0
