feature,importance
trial_num_norm,0.22052014971196632
pe_last_10,0.18716185197330948
correct_streak,0.17235329342279598
rt_sd_last_5,0.129627759118146
rt_last_5,0.11305515226418322
rt_change,0.1018241333222599
ucla,0.07545766018733913
acc_last_10,0.0
is_post_error,0.0
gender_male,0.0
