feature,importance
trial_num_norm,0.21559684432275786
pe_last_10,0.19517230699442037
correct_streak,0.16443711447950016
rt_sd_last_5,0.1314568796227066
rt_last_5,0.12006802198808164
rt_change,0.09903174919525488
ucla,0.07423708339727854
acc_last_10,0.0
is_post_error,0.0
gender_male,0.0
