feature,importance
pe_last_10,0.22413618201472352
trial_num_norm,0.21786524690152337
correct_streak,0.17384195562596041
rt_sd_last_5,0.12256872261434866
rt_last_5,0.10034933939153015
rt_change,0.09454176267346569
ucla,0.0581831848263524
gender_male,0.00851360595209582
acc_last_10,0.0
is_post_error,0.0
