feature,importance
pe_last_10,0.19905767261772497
trial_num_norm,0.17400955738451876
correct_streak,0.15279976702998546
rt_sd_last_5,0.11297611111038176
current_rt,0.10932675438613237
rt_last_5,0.10687941346028634
rt_change,0.08629524551655104
ucla,0.0586554784944193
acc_last_10,0.0
is_post_error,0.0
gender_male,0.0
