gender,n_trials,n_pe,auc_mean,auc_sd
Males,2220,251,0.7746602748253691,0.027955117035387358
Females,3691,446,0.7982765379946869,0.025800087428976437
