gender,n_trials,n_pe,auc_mean,auc_sd
Males,5547,610,0.765157489446839,0.028102055962847
Females,9196,1097,0.7490230557165117,0.023812959009067526
