gender,n_trials,n_pe,auc_mean,auc_sd
Males,4515,505,0.7932964618157576,0.023678629286195373
Females,7923,963,0.7751802297051495,0.02215411219860606
