gender,n_trials,n_pe,auc_mean,auc_sd
Males,4963,552,0.7741007560231802,0.025134620158087206
Females,8417,1007,0.7398353608342163,0.016775017226545334
