gender,mean,se,ci_lower,ci_upper,significant
Female,0.003712198903862631,0.00893184848184093,-0.01170087443822153,0.02511802745134226,False
Male,0.0013185312273171043,0.016322898661298352,-0.030524980810868834,0.038476153534454154,False
