path,female_beta,female_se,male_beta,male_se
UCLA -> EF,-0.04534556779144803,0.056431641421864145,0.05027953998353036,0.06476109091068097
EF -> DASS Anxiety,-0.08875556697922439,0.11260687263122157,-0.004691613499742425,0.19400915995866827
UCLA -> DASS Anxiety (direct),0.4782845074947946,0.10593235373148607,0.5107074089063189,0.13622404072751276
