gender,z,p
Female,0.5626858574022505,0.5736488162338589
Male,-0.02417071098707696,0.9807164405487552
