gender,z,p
Female,0.7534967932691684,0.45115143756562315
Male,-0.20686924048825442,0.8361119794110718
