model,term,beta,se,t,p
DASS Anxiety outcome,Intercept,0.05112628954208404,0.08521705768728202,0.5999537056266405,0.5485370887769918
DASS Anxiety outcome,C(gender_male)[T.1],-0.10100324381127139,0.18492807603968103,-0.5461758212938882,0.5849450847145767
DASS Anxiety outcome,ef_composite,-0.08875556697922439,0.11260687263122157,-0.7881896096154958,0.43058580584564665
DASS Anxiety outcome,ef_composite:C(gender_male)[T.1],0.08406395347948196,0.21906844206816314,0.3837337440566883,0.7011757996680706
DASS Anxiety outcome,z_ucla,0.4782845074947946,0.10593235373148607,4.514999342949887,6.331696213179003e-06
DASS Anxiety outcome,z_ucla:C(gender_male)[T.1],0.03242290141152436,0.1736899661090196,0.18667112521153667,0.8519184968579254
DASS Anxiety outcome,z_age,0.022125738188899853,0.09765672374336008,0.22656645995052885,0.8207608751652173
