,UCLA,DASS-Dep,DASS-Anx,DASS-Str,WCST PE,Stroop Int,PRP Delay
UCLA,0.0,2.1895284680241985e-26,2.030878251777334e-12,2.3192690197940983e-15,0.09660879768612002,0.9271557913038605,0.18432490677273206
DASS-Dep,2.1895284680241985e-26,0.0,5.5175720802857956e-21,3.6596377002826796e-23,0.06344437842549235,0.30961976646242834,0.7878424387896438
DASS-Anx,2.030878251777334e-12,5.5175720802857956e-21,0.0,3.033647791880855e-32,0.1913979291137454,0.8825873138711001,0.5498466767644543
DASS-Str,2.3192690197940983e-15,3.6596377002826796e-23,3.033647791880855e-32,0.0,0.3684446880204257,0.8699097776956249,0.9571942511394289
WCST PE,0.09660879768612002,0.06344437842549235,0.1913979291137454,0.3684446880204257,0.0,0.24026343793369279,0.007574940460670555
Stroop Int,0.9271557913038605,0.30961976646242834,0.8825873138711001,0.8699097776956249,0.24026343793369279,0.0,0.011337700022097373
PRP Delay,0.18432490677273206,0.7878424387896438,0.5498466767644543,0.9571942511394289,0.007574940460670555,0.011337700022097373,0.0
