,UCLA,DASS-Dep,DASS-Anx,DASS-Str,WCST PE,Stroop Int,PRP Delay
UCLA,0.0,2.1895284680241985e-26,2.030878251777334e-12,2.3192690197940983e-15,0.08568986925197337,0.9963804697993803,0.044476628293809356
DASS-Dep,2.1895284680241985e-26,0.0,5.5175720802857956e-21,3.6596377002826796e-23,0.041489625606691845,0.19004760564752216,0.5940227867963849
DASS-Anx,2.030878251777334e-12,5.5175720802857956e-21,0.0,3.033647791880855e-32,0.1077976651023547,0.9250962023552355,0.22806528236423435
DASS-Str,2.3192690197940983e-15,3.6596377002826796e-23,3.033647791880855e-32,0.0,0.2533028955034681,0.9026949352224723,0.3035835222339347
WCST PE,0.08568986925197337,0.041489625606691845,0.1077976651023547,0.2533028955034681,0.0,0.32072924577148126,0.009788185346240385
Stroop Int,0.9963804697993803,0.19004760564752216,0.9250962023552355,0.9026949352224723,0.32072924577148126,0.0,0.17435444681862639
PRP Delay,0.044476628293809356,0.5940227867963849,0.22806528236423435,0.3035835222339347,0.009788185346240385,0.17435444681862639,0.0
