,UCLA,DASS-Dep,DASS-Anx,DASS-Str,WCST PE,Stroop Int,PRP Delay
UCLA,0.0,1.8839770214424656e-28,3.722975788446066e-14,1.6501319645409417e-17,0.08864398515574055,0.8215719062515601,0.0168463890993173
DASS-Dep,1.8839770214424656e-28,0.0,4.1126651440029905e-27,1.3979732992512624e-28,0.012777536928011679,0.5483901651889455,0.24444033152703318
DASS-Anx,3.722975788446066e-14,4.1126651440029905e-27,0.0,6.793751877868345e-38,0.03101764618792299,0.8245313876125732,0.10481775333804137
DASS-Str,1.6501319645409417e-17,1.3979732992512624e-28,6.793751877868345e-38,0.0,0.02752177805525619,0.8644565206793804,0.1373599378705921
WCST PE,0.08864398515574055,0.012777536928011679,0.03101764618792299,0.02752177805525619,0.0,0.47805303977165997,0.5820943012664567
Stroop Int,0.8215719062515601,0.5483901651889455,0.8245313876125732,0.8644565206793804,0.47805303977165997,0.0,0.07564975095978739
PRP Delay,0.0168463890993173,0.24444033152703318,0.10481775333804137,0.1373599378705921,0.5820943012664567,0.07564975095978739,0.0
