,UCLA,DASS-Dep,DASS-Anx,DASS-Str,WCST PE,Stroop Int,PRP Delay
UCLA,1.0,0.673489768623537,0.4964631639373102,0.5486418097200658,-0.1192188736077466,0.015847169107099948,0.16718435977674784
DASS-Dep,0.673489768623537,1.0,0.6609369058644742,0.6746725699403426,-0.17364153315949662,-0.04215712094988978,0.08185964710089097
DASS-Anx,0.4964631639373102,0.6609369058644742,1.0,0.7473342079651404,-0.1507007948461151,0.01557996630906984,0.11388804389263708
DASS-Str,0.5486418097200658,0.6746725699403426,0.7473342079651404,1.0,-0.15395903672467617,0.011995404062188585,0.10437646516099175
WCST PE,-0.1192188736077466,-0.17364153315949662,-0.1507007948461151,-0.15395903672467617,1.0,0.04982313397227684,0.03875433771783493
Stroop Int,0.015847169107099948,-0.04215712094988978,0.01557996630906984,0.011995404062188585,0.04982313397227684,1.0,0.12466059576074484
PRP Delay,0.16718435977674784,0.08185964710089097,0.11388804389263708,0.10437646516099175,0.03875433771783493,0.12466059576074484,1.0
