,UCLA,DASS-Dep,DASS-Anx,DASS-Str,WCST PE,Stroop Int,PRP Delay
UCLA,1.0,0.6649810355862993,0.47488733170558806,0.5263352386412669,-0.12307620719548563,0.00032611622884242634,0.14408292582899862
DASS-Dep,0.6649810355862993,1.0,0.6053846360160203,0.6310035513504059,-0.1457682125380083,-0.09399659339130738,0.038402856046248976
DASS-Anx,0.47488733170558806,0.6053846360160203,1.0,0.7171114731848908,-0.11522347391866225,-0.00675860430052575,0.0867122629529907
DASS-Str,0.5263352386412669,0.6310035513504059,0.7171114731848908,1.0,-0.08198436297700219,-0.008788739721134992,0.07404727359610068
WCST PE,-0.12307620719548563,-0.1457682125380083,-0.11522347391866225,-0.08198436297700219,1.0,0.07129145739935534,0.1845829008413421
Stroop Int,0.00032611622884242634,-0.09399659339130738,-0.00675860430052575,-0.008788739721134992,0.07129145739935534,1.0,0.09766826969853977
PRP Delay,0.14408292582899862,0.038402856046248976,0.0867122629529907,0.07404727359610068,0.1845829008413421,0.09766826969853977,1.0
