,UCLA,DASS-Dep,DASS-Anx,DASS-Str,WCST PE,Stroop Int,PRP Delay
UCLA,1.0,0.6649810355862993,0.47488733170558806,0.5263352386412669,-0.12025968755386673,0.0066412445603779326,0.09646761830327102
DASS-Dep,0.6649810355862993,1.0,0.6053846360160203,0.6310035513504059,-0.1342196262351116,-0.07370645759756031,0.019599144252093012
DASS-Anx,0.47488733170558806,0.6053846360160203,1.0,0.7171114731848908,-0.09469159348837831,0.0107283673276104,0.04353428105574548
DASS-Str,0.5263352386412669,0.6310035513504059,0.7171114731848908,1.0,-0.06526486518862465,0.011896571054684377,-0.00390942088753121
WCST PE,-0.12025968755386673,-0.1342196262351116,-0.09469159348837831,-0.06526486518862465,1.0,0.08515188821894697,0.19267786549277027
Stroop Int,0.0066412445603779326,-0.07370645759756031,0.0107283673276104,0.011896571054684377,0.08515188821894697,1.0,0.18287012081230614
PRP Delay,0.09646761830327102,0.019599144252093012,0.04353428105574548,-0.00390942088753121,0.19267786549277027,0.18287012081230614,1.0
