Variable,Category,N,Percent
Gender,Male,77,39.285714285714285
Gender,Female,119,60.71428571428571
