Variable,Column,Male_N,Male_Mean,Male_SD,Female_N,Female_Mean,Female_SD,t,p,Cohen_d,Significant
Age (years),age,77,21.16883116883117,2.136170931231107,119,19.899159663865547,4.049262242875799,2.8602546186182454,0.004713160286472143,0.37023114409561164,True
UCLA Loneliness,ucla_score,77,37.48051948051948,11.237402759500116,119,42.18487394957983,10.630119015353817,-2.923389185446566,0.003978580387633511,-0.43270105266721,True
DASS-21 Depression,dass_depression,77,5.792207792207792,7.0455989666145165,119,8.369747899159664,7.657792692346628,-2.4167712778402732,0.016704925792250143,-0.34719108714033137,True
DASS-21 Anxiety,dass_anxiety,77,4.51948051948052,5.789305906970535,119,6.050420168067227,5.445957511016148,-1.8504186558230273,0.0661546145947295,-0.27421542869756893,False
DASS-21 Stress,dass_stress,77,8.779220779220779,7.505477607832017,119,10.823529411764707,7.041820665505801,-1.907749500610385,0.05827432182830142,-0.28287081739290076,False
WCST Perseverative Error Rate,pe_rate,75,9.67225649953229,4.100443483028644,117,10.453858598498137,4.702973881039812,-1.2158858926098883,0.22568525589402738,-0.1745444868320114,False
Stroop Interference Effect,stroop_interference,75,126.17203871728559,96.76833148831987,117,144.79383478645363,107.88943333430126,-1.243269325742301,0.2154800622740247,-0.17957381616042506,False
PRP Delay Effect,prp_bottleneck,75,560.9352347041339,136.93418199716817,116,636.4891010674467,149.04668820144906,-3.5956805161657615,0.00042534675496430294,-0.5231346348378944,True
