Variable,Column,Male_N,Male_Mean,Male_SD,Female_N,Female_Mean,Female_SD,t,p,Cohen_d,Significant
Age (years),age,77,21.16883116883117,2.136170931231107,119,19.899159663865547,4.049262242875799,2.8602546186182454,0.004713160286472143,0.37023114409561164,True
UCLA Loneliness,ucla_score,77,37.48051948051948,11.237402759500116,119,42.18487394957983,10.630119015353817,-2.923389185446566,0.003978580387633511,-0.43270105266721,True
DASS-21 Depression,dass_depression,77,5.792207792207792,7.0455989666145165,119,8.369747899159664,7.657792692346628,-2.4167712778402732,0.016704925792250143,-0.34719108714033137,True
DASS-21 Anxiety,dass_anxiety,77,4.51948051948052,5.789305906970535,119,6.050420168067227,5.445957511016148,-1.8504186558230273,0.0661546145947295,-0.27421542869756893,False
DASS-21 Stress,dass_stress,77,8.779220779220779,7.505477607832017,119,10.823529411764707,7.041820665505801,-1.907749500610385,0.05827432182830142,-0.28287081739290076,False
WCST Perseverative Error Rate,pe_rate,77,9.571965094319713,4.151711540470238,119,10.433943629838083,4.675376636330425,-1.3502350466185746,0.17867729363838727,-0.19251196750619332,False
Stroop Interference Effect,stroop_interference,77,129.16610183642064,96.49897768306197,119,142.52394200725607,102.66896813247028,-0.9228450827215168,0.35739950231761874,-0.13318272921112853,False
PRP Delay Effect,prp_bottleneck,77,537.0044654858144,139.6495379344453,118,632.5424148959427,145.98836041483827,-4.586560663416372,8.783252263045426e-06,-0.6656506409696205,True
