﻿Group,Variable,Column,N,Mean,SD,Min,Max,Median,Skewness,Kurtosis
Total,Age (years),age,205,20.4,3.4208128835576095,-20.0,29.0,20.0,-7.827156512829112,93.40042155122218
Total,UCLA Loneliness,ucla_score,205,40.604878048780485,11.190199476474506,20.0,73.0,40.0,0.3830183792297136,-0.36196074128257694
Total,DASS-21 Depression,dass_depression,205,7.570731707317073,8.034919009024781,0.0,42.0,4.0,1.7212132271778597,3.3262941940666932
Total,DASS-21 Anxiety,dass_anxiety,205,5.541463414634146,5.947852455156551,0.0,28.0,4.0,1.3826038396634894,1.5911868036968926
Total,DASS-21 Stress,dass_stress,205,10.048780487804878,7.69374338218984,0.0,42.0,8.0,0.9048092259252051,0.7726047771193021
Total,WCST Perseverative Error Rate,pe_rate,205,10.656201844014015,6.037902993702114,0.0,48.4375,10.0,2.06604314380551,8.492088850278344
Total,Stroop Interference Effect,stroop_interference,205,138.5445492242477,102.23309923661353,-94.169444443658,474.18055555721116,122.32777775658496,0.6493995121473557,0.31820219098653535
