Variable,Column,Male_N,Male_Mean,Male_SD,Female_N,Female_Mean,Female_SD,t,p,Cohen_d,Significant
Age (years),age,81,21.135802469135804,2.1198648920376573,124,19.919354838709676,3.9869640714724492,2.8383895556432126,0.005011529961817351,0.36024180171423653,True
UCLA Loneliness,ucla_score,81,37.96296296296296,11.70410659175279,124,42.33064516129032,10.535053199763459,-2.7159147368533407,0.007344182130787134,-0.3966800045344714,True
DASS-21 Depression,dass_depression,81,6.1234567901234565,8.020883236977992,124,8.516129032258064,7.9341639289535735,-2.096962057813283,0.03747815987707699,-0.3002681488849743,True
DASS-21 Anxiety,dass_anxiety,81,4.716049382716049,6.263454653586219,124,6.080645161290323,5.693523312542436,-1.58018017972204,0.11604725553268545,-0.23032411574181577,False
DASS-21 Stress,dass_stress,81,8.987654320987655,8.319395752037064,124,10.741935483870968,7.2064458135822065,-1.5546623511569746,0.12208406223802774,-0.22888796039664788,False
WCST Perseverative Error Rate,pe_rate,81,10.357726371261009,6.58547067491315,124,10.85117372540913,5.670975773272652,-0.5535041158000193,0.5807265510613906,-0.08158986878317799,False
Stroop Interference Effect,stroop_interference,81,131.22761806868016,96.55594767732359,124,143.32415747909425,105.8882055985542,-0.8437868644752748,0.39989613130676094,-0.11823170171004396,False
PRP Delay Effect,prp_bottleneck,81,534.8289850889813,146.0622612054012,123,633.4407088452474,144.33219243824814,-4.740350771725242,4.49136856418511e-06,-0.6799878282793239,True
