Group,Variable,Column,N,Mean,SD,Min,Max,Median,Skewness,Kurtosis
Total,Age (years),age,196,20.397959183673468,3.476632015713549,-20.0,29.0,20.0,-7.8034440561350005,91.52215453623329
Total,UCLA Loneliness,ucla_score,196,40.33673469387755,11.086090964485248,20.0,70.0,39.0,0.34472222646233347,-0.5038697387318947
Total,DASS-21 Depression,dass_depression,196,7.357142857142857,7.511700275279958,0.0,38.0,4.0,1.5287718830396808,2.490522290199558
Total,DASS-21 Anxiety,dass_anxiety,196,5.448979591836735,5.618873778896543,0.0,26.0,4.0,1.209877931920374,0.8684243044133462
Total,DASS-21 Stress,dass_stress,196,10.020408163265307,7.277615264295887,0.0,30.0,8.0,0.6685241532245252,-0.23095061611057055
Total,WCST Perseverative Error Rate,pe_rate,192,10.148545278589603,4.482550805375132,0.0,25.833333333333336,9.876543209876543,0.6925748155546205,1.4567496909915993
Total,Stroop Interference Effect,stroop_interference,192,137.51969569693486,103.82848648576515,-94.169444443658,424.57323232895203,122.21507936554644,0.6558245568826552,0.20932190437772258
Total,PRP Delay Effect,prp_bottleneck,191,606.8213524954654,148.71913781473228,283.48854166732747,1031.6876315789482,606.1693014815888,0.24096364256329814,-0.08150527155795562
