Group,Variable,Column,N,Mean,SD,Min,Max,Median,Skewness,Kurtosis
Total,Age (years),age,196,20.397959183673468,3.476632015713549,-20.0,29.0,20.0,-7.8034440561350005,91.52215453623329
Total,UCLA Loneliness,ucla_score,196,40.33673469387755,11.086090964485248,20.0,70.0,39.0,0.34472222646233347,-0.5038697387318947
Total,DASS-21 Depression,dass_depression,196,7.357142857142857,7.511700275279958,0.0,38.0,4.0,1.5287718830396808,2.490522290199558
Total,DASS-21 Anxiety,dass_anxiety,196,5.448979591836735,5.618873778896543,0.0,26.0,4.0,1.209877931920374,0.8684243044133462
Total,DASS-21 Stress,dass_stress,196,10.020408163265307,7.277615264295887,0.0,30.0,8.0,0.6685241532245252,-0.23095061611057055
Total,WCST Perseverative Error Rate,pe_rate,196,10.095309205170153,4.485935141918147,0.0,25.833333333333336,9.876543209876543,0.67413738419696,1.4550708005437816
Total,Stroop Interference Effect,stroop_interference,196,137.27621908299926,100.25316425294713,-94.169444443658,411.40555555952926,122.12499998841014,0.5514634447188028,0.0498895575301308
Total,PRP Delay Effect,prp_bottleneck,195,594.8171733339947,150.61763811579735,279.4812500008071,1017.8824358974357,595.5098214788096,0.10290418984232626,-0.3842286148974363
