Variable,Column,N,r,CI_Lower,CI_Upper,p,Significant
DASS-Dep,dass_depression,205,0.673489768623537,0.5909974011166135,0.742041746842077,1.8839770214424656e-28,True
DASS-Anx,dass_anxiety,205,0.4964631639373102,0.3856639526617183,0.5931464933508488,3.722975788446066e-14,True
DASS-Str,dass_stress,205,0.5486418097200658,0.4450664058503622,0.6377317645503102,1.6501319645409417e-17,True
WCST PE,pe_rate,205,-0.1192188736077466,-0.2521370947535886,0.018114572362353615,0.08864398515574055,False
Stroop Int,stroop_interference,205,0.015847169107099948,-0.12145408737758015,0.15255337552160778,0.8215719062515601,False
PRP Delay,prp_bottleneck,204,0.16718435977674784,0.03051143577930988,0.2977203685266667,0.0168463890993173,True
