Variable,Column,N,r,CI_Lower,CI_Upper,p,Significant
DASS-Dep,dass_depression,196,0.6649810355862993,0.5787672596121298,0.7364945416239007,2.1895284680241985e-26,True
DASS-Anx,dass_anxiety,196,0.47488733170558806,0.3585997869143529,0.5766611624649667,2.030878251777334e-12,True
DASS-Str,dass_stress,196,0.5263352386412669,0.4169368945472157,0.6207021038059779,2.3192690197940983e-15,True
WCST PE,pe_rate,192,-0.12025968755386673,-0.25748555047894056,0.021721086174520763,0.09660879768612002,False
Stroop Int,stroop_interference,192,0.0066412445603779326,-0.13509667206286496,0.1481128104913407,0.9271557913038605,False
PRP Delay,prp_bottleneck,191,0.09646761830327102,-0.04614635081589472,0.23522770337115684,0.18432490677273206,False
