Variable,Column,N,r,CI_Lower,CI_Upper,p,Significant
DASS-Dep,dass_depression,196,0.6649810355862993,0.5787672596121298,0.7364945416239007,2.1895284680241985e-26,True
DASS-Anx,dass_anxiety,196,0.47488733170558806,0.3585997869143529,0.5766611624649667,2.030878251777334e-12,True
DASS-Str,dass_stress,196,0.5263352386412669,0.4169368945472157,0.6207021038059779,2.3192690197940983e-15,True
WCST PE,pe_rate,196,-0.12307620719548563,-0.2587677278807036,0.01737877747449067,0.08568986925197337,False
Stroop Int,stroop_interference,196,0.00032611622884242634,-0.13983547995358456,0.14047490029644433,0.9963804697993803,False
PRP Delay,prp_bottleneck,195,0.14408292582899862,0.0036417486715009614,0.27895026216971097,0.044476628293809356,True
