gender,mean,se,ci_lower,ci_upper,significant
Female,-0.05624044275103727,0.035674863382512606,-0.13425598788283744,0.004489987516354832,False
Male,0.06054055648443159,0.0663168918295378,-0.053716331273048534,0.20829766061466254,False
