path,female_beta,female_se,male_beta,male_se
UCLA -> DASS Stress,0.4450241242158206,0.08926859337689781,0.6341973945117544,0.09137920680848535
DASS Stress -> EF,-0.1256685790332771,0.07387479361432603,0.08728400860155683,0.10329629389869015
UCLA -> EF (direct),0.01146851696287478,0.06818308845163985,-0.003733321245736365,0.09960159958044044
