gender,z,p
Female,-1.7331354177629363,0.08307160252118329
Male,0.24541581030706536,0.8061344884121999
