gender,z,p
Female,-1.6099534063472496,0.10740802851628595
Male,0.8387928546749325,0.4015855610679857
