component,r_squared,percent
Unique UCLA,1.831772220906025e-05,0.053605429087688616
Unique DASS,0.012656597036834971,37.03857429467558
Common UCLA-DASS,0.021496478924039497,62.90782027623673
Covariates,0.010795686124000614,31.592759207082015
