component,r_squared,percent
Unique UCLA,0.0008412509657670375,2.370839689507138
Unique DASS,0.012201658335231569,34.38709378787626
Common UCLA-DASS,0.022440340346383536,63.242066522616604
Covariates,0.004455909997102547,12.557784423308288
