parameter,coefficient,p_value
Intercept,10.811297615936253,3.813988715966903e-40
C(gender_male)[T.1],-1.00421129510552,0.2696420970588101
z_ucla,0.020654699515104014,0.9717696111281092
z_anx,-0.32127196083025605,0.6818485939492499
z_ucla:z_anx,0.33312752834992454,0.5966420623234864
z_str,0.22963412131219263,0.740833101795463
z_ucla:z_str,-0.20139538059328238,0.7301048210486889
z_dep,-0.7780809857275445,0.23584439056003717
z_age,-0.25786758202380605,0.5523264290470447
