parameter,coefficient,p_value
Intercept,10.685631252985198,4.331104448034061e-21
C(gender_male)[T.1],-0.36816836347166904,0.7433638447985179
z_ucla,0.38748159285093076,0.6606526876681976
z_anx,-0.08857860432508113,0.927802466843884
z_ucla:z_anx,0.21383430892773192,0.8219843160434146
z_str,-0.5826839362479632,0.4749820666740906
z_ucla:z_str,-0.08989986788794369,0.9157612653418219
z_dep,-0.5876010745425343,0.48844451568964886
z_age,-0.33506687043342154,0.5459752317559441
