gender,mean,se,ci_lower,ci_upper,significant
Female,13.54708777667369,11.669003939513054,-8.884679424838643,37.36172574175738,False
Male,33.990917826111236,17.125592346349453,1.0841469609641627,69.20478888621707,True
