gender,z,p
Female,1.111122055651889,0.26651581546832226
Male,2.0074136903386544,0.04470563229979474
