k,profile,n,mean_ucla,mean_pe_rate,mean_dass_dep,mean_dass_anx,mean_dass_stress
2,0,12,50.0,10.178152026674612,16.5,12.333333333333334,17.0
2,1,15,35.4,10.108277127034663,2.2666666666666666,1.8666666666666667,5.733333333333333
3,0,4,57.0,11.053065643610177,25.0,10.5,19.5
3,1,17,36.470588235294116,10.012184624789006,2.7058823529411766,2.235294117647059,6.235294117647059
3,2,6,47.166666666666664,9.890430004960256,14.333333333333334,16.0,17.666666666666668
