indicator,loading
stroop_effect,0.7071067811865468
prp_bottleneck,0.7071067811865481
