task,r_observed,reliability_ucla,reliability_task,r_disattenuated,correction_factor
stroop,0.0291981870694963,0.85,0.5782092774272,0.04164893456106237,1.4264219371542253
wcst,-0.0996537743693964,0.85,0.6,-0.13954319554768674,1.4002800840280099
prp,0.0542621191325951,0.85,0.535825392396186,0.08040362740049438,1.4817634969990723
