Measure,N,Unadjusted_Low,Unadjusted_High,Unadjusted_Diff,Adjusted_Low,Adjusted_High,Adjusted_Diff,R2_Model1,R2_Model2,Delta_R2,F,F_p,Group_B,Group_SE,Group_t,Group_p,Partial_Eta_Sq
Stroop Interference (ms),37,147.6549624534218,150.62331091641485,2.968348462993049,124.83717835279998,174.70874968929348,49.8715713364935,0.06817112596077102,0.0871634105956881,0.01899228463491709,0.665785218703763,0.42055747219789863,49.87157133649348,61.120370406796965,0.8159566279550468,0.42055747219789597,0.020381730126681537
WCST Perseverative Error Rate (%),37,11.034172285709252,10.12451512315959,-0.9096571625496619,11.187384063556841,9.962791579876017,-1.2245924836808246,0.0234867641080716,0.03487037895152567,0.01138361484345407,0.3774370478804673,0.5433218065488843,-1.2245924836808249,1.9932846674193805,-0.6143590545279475,0.5433218065488812,0.011657409674592372
PRP Bottleneck Effect (ms),37,589.6101354626597,588.9638338872892,-0.6463015753705577,669.4411277029494,504.6977865225388,-164.7433411804106,0.09477832086526505,0.20068171602029738,0.10590339515503233,4.239748686953707,0.04770386252881842,-164.74334118041057,80.00881027704887,-2.0590650030908964,0.04770386252881842,0.11699166910834607
