hypothesis,description,status,term,nobs,estimate,p_value,conf_low,conf_high,q_value
Hγ1,PRP 병목 U형,estimated,z_ucla_sq,77,-25.508646418639394,0.1472437322677194,-60.004459221420454,8.987166384141666,0.5153530629370179
Hγ2,Stroop 로그 관계,estimated,log_ucla,81,54.16681041737372,0.40241125424681035,-72.6242214682571,180.95784230300455,0.5633757559455345
Hγ3,Loneliness×Gender on WCST perseverative errors,estimated,z_ucla:C(gender)[T.male],74,2.7380274733269383,0.020519674354541495,0.42162137125789334,5.054433575395983,0.14363772048179047
Hγ4,Loneliness×Age on PRP,estimated,z_ucla:age,77,-2.305189662787405,0.8225890794095516,-22.45577975468089,17.84540042910608,0.9444413112751773
Hγ5,Loneliness×Depression on Stroop,estimated,z_ucla:z_dass_dep,81,-0.8410416298208496,0.9444413112751773,-24.494913737392892,22.81283047775119,0.9444413112751773
Hγ6,Meta-control ~ Loneliness,estimated,z_ucla,73,0.18399806590172754,0.37997776636855196,-0.22677112910694266,0.5947672609103978,0.5633757559455345
Hγ7,Meta-control×Stress on PRP,estimated,meta_control:dass_total_z,73,16.48060518404809,0.2927878835223867,-14.223398492443533,47.18460886053971,0.5633757559455345
