outcome,observed_interaction,null_mean,null_sd,p_permutation,n_permutations
Stroop,21.621011065830423,0.8244279587834573,24.943717339662722,0.403,1000
WCST,2.594371466121463,0.025192754732360847,0.9371663970052413,0.003,1000
PRP,61.23889618390776,0.9328878791166509,39.77446217996643,0.129,1000
