fold,r2,rmse,mae,best_alpha,best_l1_ratio
1,0.48705738984894664,8.48709732092262,6.420014604109034,1.291549665014884,1.0
2,0.42058412484220975,8.270825092453318,7.232633219952642,1.291549665014884,1.0
3,0.32886197272736617,8.3457243766606,6.478622594385608,1.291549665014884,1.0
4,0.2545542273165118,11.49015974453392,8.902619864823741,0.03593813663804628,1.0
5,0.49399232500055723,9.129440988005763,8.141436099731779,1.291549665014884,1.0
