fold,r2,rmse,mae
1,0.37936023061165014,8.344640419239033,6.661671666270176
2,0.48843465094078786,8.90346836271399,7.655582651137991
3,0.5875491903242995,9.828518069353454,7.784396669884048
4,0.3614316006336519,10.060147876422644,7.7950454509094635
5,-1.1126403940184355,11.207367864329804,8.893943005734377
