fold,r2,rmse,mae
1,-0.25494987240270306,8.84771440090911,7.01824969802281
2,-0.15136851511713578,7.088434565563394,5.9931195499506105
3,-0.5791086178797913,7.114143888907318,5.678566118310428
4,-0.18305111282916386,10.331328360454398,8.250006091427851
5,-0.15346520923762186,9.241235426339768,7.979732032440125
