{
  "overall": {
    "r2": -0.2710278489881046,
    "rmse": 8.837415203761005,
    "mae": 7.112781251163123
  },
  "final_params": {
    "model__alpha": 3.1622776601683795,
    "model__l1_ratio": 1.0
  }
}