{
  "overall": {
    "r2": 0.44054449900483417,
    "rmse": 9.2145446029905,
    "mae": 7.420768788255612
  },
  "final_params": {
    "model__alpha": 1.291549665014884,
    "model__l1_ratio": 1.0
  }
}