fold,r2,rmse,mae,best_alpha,best_l1_ratio
1,-0.04800246307687295,7.858845906640593,5.8345675647753685,3.1622776601683795,1.0
2,-0.5169133118279914,7.924758441969738,6.892516565613633,1.291549665014884,1.0
3,-0.03809118787089827,8.03669569875091,6.433352188223468,3.1622776601683795,1.0
4,-1.0751475624339832,11.342764050572596,8.745255889280433,0.014677992676220698,1.0
5,-0.1565247839635593,8.59398278127334,7.749515025521845,3.1622776601683795,1.0
