indicator,loading
stroop_effect,0.7039600087626401
prp_bottleneck,0.5210420146925892
wcst_total_errors,0.48265466431807236
