Task,Loading
stroop_interference,0.4616031118252802
perseverative_error_rate,0.5431153818572215
prp_bottleneck,0.7013902260106728
