task,r_observed,r_true,n_required_observed,n_required_true,current_n
stroop,0.0291981870694963,0.04164893456106237,9205,4523,72
wcst,-0.0996537743693964,-0.13954319554768674,789,401,72
prp,0.0542621191325951,0.08040362740049438,2664,1212,72
