outcome,partialR2_obs,partialR2_true_est,reliability_ucla,reliability_outcome,pred_p_at_150_obs,pred_p_at_150_true,N_needed_80power_obs,N_needed_80power_true
Stroop interference (ms),0.01266217054496476,0.026256834004036125,0.9,0.535825392396186,0.1756662139922731,0.04956917059852062,618.3271461191663,297.74893112531606
PRP bottleneck (short-long RT),0.00484574025015329,0.010048340205427674,0.9,0.535825392396186,0.4040246789550337,0.2282877709498825,1617.0758591408173,779.3883600793267
WCST total errors,0.011311412207478869,0.025136471572175263,0.9,0.5,0.20086995964395493,0.054831636972085374,692.2653219699972,311.0573948864988
Latent meta-control factor,0.011543580997790575,0.024482921841350355,0.9,0.5238835949307906,0.19625719797911545,0.05816585127304075,678.3253301952456,319.3832172615384
