stroop_interference_ms,ci_low,ci_high,n,prp_bottleneck_ms,wcst_switch_cost_ms
141.96929379059182,-438.09259021866797,-114.8310456931791,77,605.0737807253128,-276.46181795592355
