gender,n,outcome,pearson_r,pearson_p,spearman_rho,spearman_p
여성,45,Stroop 간섭,-0.01380769513688217,0.9282692774395924,0.037965928906240926,0.8044395972666827
여성,45,WCST 보속오류율,-0.24910081516660842,0.09891774990575282,-0.27504040802246976,0.06746675238968397
여성,45,PRP 병목효과,-0.09759027472850018,0.5236309209659272,-0.11956631082625178,0.43402817246357717
남성,27,Stroop 간섭,0.11453313154742727,0.5694592217653995,0.2408314758038613,0.2262435243707357
남성,27,WCST 보속오류율,0.24054048033831474,0.22682216961576263,0.2861511445018876,0.14790057939404205
남성,27,PRP 병목효과,0.33134750166092314,0.09134631141040969,0.38997584153011045,0.044335280846911365
