outcome,n,interaction_beta,interaction_se,interaction_p,ci_lower,ci_upper,significant,r2_full_model
WCST PE Rate (%),150,0.9856481476453355,0.8745073629736586,0.2616055735312996,-0.7430876214827068,2.714383916773378,False,0.04273507859314407
WCST Accuracy (%),150,-1.2901625068390503,1.7419901683852943,0.460143382716924,-4.733747822481211,2.15342280880311,False,0.036579891207525805
Stroop Interference (ms),158,9.789906098865844,17.655127588360067,0.5800571899152857,-25.094954620463433,44.67476681819512,False,0.03222225676517143
PRP Bottleneck (ms),154,38.1397423722142,25.550354345204298,0.13766606591743158,-12.356589410978529,88.63607415540693,False,0.10113977460576495
