outcome,outcome_col,gender,n,beta_ucla,se_ucla,p_ucla,ci_lower,ci_upper,beta_dass_dep,p_dass_dep,beta_dass_anx,p_dass_anx,beta_dass_str,p_dass_str,beta_age,p_age,r2,r2_adj
WCST PE Rate (%),pe_rate,Female,46,-0.5189047594742163,1.1281401677488747,0.6480320165708136,-2.7989610893274577,1.7611515703790248,-0.986171393183211,0.4363636690737751,0.6783666059387063,0.5556772752628238,-0.6683817196847192,0.5102373829446942,-1.1174434025687445,0.20711768160389232,0.12290410229159532,0.013267115078044789
WCST PE Rate (%),pe_rate,Male,30,2.9000054573935783,1.1576885685558624,0.01943671005115201,0.5106536859379318,5.289357228849225,-0.8631146240396579,0.39664340079489213,-0.16489167439960306,0.8708668625646458,-1.4270576251355989,0.26179289842138403,0.41052246296764167,0.504277760812908,0.22482258567427593,0.06332729102308343
Stroop Interference (ms),stroop_interference,Female,46,-0.954460930204436,24.26470843143665,0.9688186940509234,-49.99526599393817,48.0863441335293,3.2680233805695185,0.9041899566518736,7.88423180360267,0.7497912290070001,-18.684223789296425,0.3929945682778493,16.961824908980407,0.37090860109849955,0.03883128539609382,-0.0813148039293945
Stroop Interference (ms),stroop_interference,Male,30,44.82037089408847,24.69485295666522,0.08204730515455769,-6.1473006027883486,95.78804239096529,-56.6972614426566,0.013773084062893405,48.928045791802944,0.03140746108393242,-23.880448460213476,0.37625848934983874,42.80137267621591,0.002912777681115604,0.4070819949152191,0.28355741052255645
PRP Bottleneck (ms),prp_bottleneck,Female,46,-36.37338787377707,31.02082170580037,0.24791328659336148,-99.06880721044885,26.322031462894714,18.43838943413383,0.5958831252427526,35.96871627386274,0.25863708053059964,-19.708004995255983,0.4803089979115256,24.614251097494392,0.3104903191294467,0.07974400999443676,-0.035287988756258715
PRP Bottleneck (ms),prp_bottleneck,Male,30,49.653689113155544,34.94354150143011,0.16818924444920666,-22.4662359298351,121.77361415614618,-68.3674994171772,0.03282780842420492,-8.278863723656329,0.7869566983011058,92.94086545651953,0.02056350841882674,52.01942480894534,0.008916744707804944,0.5011333297637142,0.39720277346448796
