outcome,n,interaction_beta,interaction_se,interaction_p,ci_lower,ci_upper,significant,r2_full_model
WCST PE Rate (%),76,2.5172517735983337,1.100943582687296,0.02534785053676251,0.32035305908877154,4.7141504881078955,True,0.11206411023615759
Stroop Interference (ms),76,21.15329758415534,23.827845591725467,0.3778017032899087,-26.39442799704038,68.70102316535106,False,0.1279346567634112
PRP Bottleneck (ms),76,68.80207036383621,32.16251622746833,0.03601259990549107,4.62276847531497,132.98137225235746,True,0.2660452538218434
