outcome,outcome_col,ucla_group,dass_group,gender,n,mean,sd,median,ci_lower,ci_upper
WCST PE Rate (%),pe_rate,low,low,female,13,11.709736335051243,3.8683536334501105,10.975609756097562,9.847116127707654,13.868538843350793
WCST PE Rate (%),pe_rate,low,low,male,6,9.655961375423908,2.7969129666811603,9.411672664684712,7.678040548092183,11.697284674088799
WCST PE Rate (%),pe_rate,high,high,female,12,9.891528240296443,2.9511967479235093,10.119047619047619,8.4087003671861,11.580088480046289
WCST PE Rate (%),pe_rate,high,high,male,6,9.778082666031894,2.9958798230460415,10.41226959335866,7.396896789700388,11.727234352814769
Stroop Interference (ms),stroop_interference,low,low,female,13,158.30965273525973,119.55756550561797,141.4588235314278,97.21550055062013,221.7397798168449
Stroop Interference (ms),stroop_interference,low,low,male,6,134.09036895918064,139.21902752080513,115.6238888888808,49.721793922280106,247.66613757139046
Stroop Interference (ms),stroop_interference,high,high,female,12,142.99021826448964,97.2902109066218,125.80555555721128,92.08321548898128,197.18429839057933
Stroop Interference (ms),stroop_interference,high,high,male,6,153.36569985553356,87.63520287679304,136.27424603357673,92.25808200677706,220.84373617679037
