metric,n,split_half_r,spearman_brown_r,ci_lower,ci_upper,mean_trials_per_half
WCST PE Rate,155,0.6580891342201424,0.7937922282201852,0.504251075883113,0.7610633096908312,43.71935483870968
Stroop Interference,164,0.41020127468108136,0.5817627342222462,0.2546495613641205,0.5448191170797823,
