metric,n,split_half_r,spearman_brown_r,ci_lower,ci_upper,mean_trials_per_half
WCST PE Rate,82,0.617669549294581,0.7636535528086423,0.38453294611814964,0.7707687393437122,43.80487804878049
Stroop Interference,88,0.362206839958315,0.5317941876865028,0.17664098794168448,0.5250754447499636,
