method,beta,se,t_value,p_value,ci_lower,ci_upper,significant_05
Standard OLS,1.0014505019658277,0.8885278582575019,1.1270895928122944,0.26160557353130015,-0.7550011363753146,2.75790214030697,False
HC3 Robust,1.0014505019658277,0.7354678324362923,1.361650989749542,0.17546452686972208,-0.4524303946481727,2.455331398579828,False
