dass_variable,female_r,female_p,female_n,female_ci_lower,female_ci_upper,male_r,male_p,male_n,male_ci_lower,male_ci_upper,fisher_z,difference_p,significant_difference,higher_in_females
DASS Depression,0.7363870799067902,5.45109236444317e-09,46,0.6103906429718015,0.8394629537723446,0.7434820657820348,2.5098703897859097e-06,30,0.4908386390534428,0.8948925412736046,-0.06385965972608666,0.9490819735578564,False,False
DASS Anxiety,0.5739366280138732,3.0444994892336658e-05,46,0.2948019928212713,0.7987509869752886,0.592955191845296,0.0005541848601738303,30,0.34671952540155854,0.7890519752216517,-0.11744404589074808,0.9065081819817313,False,False
DASS Stress,0.5117209757737472,0.0002781389275623978,46,0.2671832234211846,0.7073471492391721,0.710361571533254,1.0938522267518948e-05,30,0.4953896559201694,0.8585859118834487,-1.3148446123904274,0.18856213059449,False,False
DASS Total,0.7334843968623568,6.709915205213124e-09,46,0.6009116541226703,0.8388609944635206,0.7682275648734491,7.175161842657087e-07,30,0.5690829987510223,0.8934066854250605,-0.32482905432691067,0.745310453752591,False,False
