dass_variable,female_r,female_p,female_n,female_ci_lower,female_ci_upper,male_r,male_p,male_n,male_ci_lower,male_ci_upper,fisher_z,difference_p,significant_difference,higher_in_females
DASS Depression,0.6382404596751863,1.417368492952774e-13,107,0.5229300635238682,0.7423102601879994,0.7341364083370345,3.688763288788022e-11,59,0.5578846934592098,0.8531663785674246,-1.1007140079547275,0.2710211476814006,False,False
DASS Anxiety,0.4689083848794055,3.503136358127579e-07,107,0.3002761050440339,0.6227488029414173,0.5035392672376988,4.797620884792141e-05,59,0.2690005813901861,0.6939314547140043,-0.2737054042072468,0.7843110243448299,False,False
DASS Stress,0.4463578109662049,1.4441316838806779e-06,107,0.27586314091344416,0.5923180241830729,0.6328163742386705,7.556010140524832e-08,59,0.421445246469123,0.790607225456356,-1.6045838390989868,0.10858542031855412,False,False
DASS Total,0.6052511922746826,5.005691825107349e-12,107,0.4725979869826582,0.7170507339219641,0.7104890863461994,2.9172082201477574e-10,59,0.5310638776849078,0.8333081678709747,-1.1268759284952654,0.2597949420935943,False,False
