outcome,outcome_col,n_female,n_male,female_mean,female_sd,male_mean,male_sd,variance_ratio,levene_stat,levene_p,brown_forsythe_stat,brown_forsythe_p,f_max,f_max_p,f_critical_005,homogeneous
WCST PE Rate,pe_rate,46,30,10.841944283643665,4.97661699606275,10.254725338485054,3.8377925059097215,1.6815332368233973,0.5558761836066095,0.45828830498100814,0.44925695301624574,0.504958022601615,1.6815332368233973,0.14084230410407028,2.0051954702772146,True
Stroop Interference,stroop_interference,46,30,150.2334254393235,102.2515640102869,122.78626144617827,93.6050815551108,1.193276443117564,0.4373519812971313,0.510457222237809,0.6219033930472267,0.43308163718656234,1.193276443117564,0.6219203557972379,2.0051954702772146,True
PRP Bottleneck,prp_bottleneck,46,30,644.3470283194016,133.59606509460207,541.9648438381848,144.39926228083021,0.8559677150573619,0.004623488336942081,0.9459720226795333,0.018835042935452125,0.8912459956694364,1.168268361538596,0.6274191976943329,2.0051954702772146,True
UCLA Loneliness,ucla_total,46,30,41.73913043478261,12.54934222731073,41.46666666666667,11.97334203721876,1.0985280426718422,0.4879883342531758,0.4870156507766036,0.4627180349741242,0.4986659158060204,1.0985280426718422,0.801216267166041,2.0051954702772146,True
