outcome,outcome_col,n_female,n_male,female_mean,female_sd,male_mean,male_sd,variance_ratio,levene_stat,levene_p,brown_forsythe_stat,brown_forsythe_p,f_max,f_max_p,f_critical_005,homogeneous
WCST PE Rate,pe_rate,95,56,10.817258234579212,5.824411959354915,10.052101518490884,3.7791529788964455,2.375282259700268,2.6629199392378093,0.1048237551435228,2.1694525586893025,0.14307011505349268,2.375282259700268,0.0006837270801167694,1.6315553629816812,True
Stroop Interference,stroop_interference,101,59,142.61923346602512,108.6628253574058,131.00920291679765,99.23082386950847,1.1991369673442314,0.1900383502603265,0.6634797231447704,0.004436281358890727,0.9469882201428965,1.1991369673442314,0.45440060493488477,1.608866659251088,True
PRP Bottleneck,prp_bottleneck,98,58,632.3904062902902,159.51409356154016,543.7557207668945,135.57157061848255,1.3843976894374959,1.267296706045823,0.26202574994052075,0.8455926636749205,0.3593615898693494,1.3843976894374959,0.18307967214568133,1.6172841227928374,True
UCLA Loneliness,ucla_total,109,60,42.06422018348624,10.863015089741856,38.833333333333336,11.208602426778368,0.9392859711594543,0.01713238985650253,0.8960192705868328,0.04997569726308007,0.8234077255234952,1.0646384921150267,0.7672467155173814,1.59595989900265,True
