age_group,outcome,outcome_label,n,n_male,n_female,ucla_beta,ucla_se,ucla_p,interaction_beta,interaction_se,interaction_p,gender_beta,gender_p,r_squared
18-21,pe_rate,WCST PE Rate,118,34,84,-1.293600803444563,0.6957559510734227,0.06298834026406996,1.2569463677794828,0.944945939008129,0.1834596070176201,-1.0874126043654528,0.2958069406672287,0.0626224596689201
18-21,wcst_accuracy,WCST Accuracy,118,34,84,1.8947730341732083,1.6116287816354495,0.23971947263790883,-1.4204363489596963,1.6585234008324643,0.3917509243511761,2.661008312392097,0.21001698425425208,0.03419231892645769
18-21,stroop_interference,Stroop Interference,118,34,84,-6.796615455403741,16.868462011664928,0.6870081793140035,32.18818878423634,23.648368965183554,0.1734768281844894,-25.224947201062346,0.24253163092339802,0.04053190889113423
18-21,prp_bottleneck,PRP Bottleneck,115,33,82,12.512324593675356,26.990010186548,0.6429408360247603,41.26593738367903,29.32798373861186,0.1594125845220723,-96.84690083345865,0.00147470161443692,0.11827478604542518
22-25,pe_rate,WCST PE Rate,48,29,19,1.654567010968828,1.7521201325937306,0.3450047120192383,-1.2332528753494711,1.504473586458293,0.41237355253344343,-0.3255424805373457,0.8572370816410958,0.07372160941580119
22-25,wcst_accuracy,WCST Accuracy,48,29,19,0.3172115190637257,2.753098402392083,0.9082708844034644,-1.214624883924417,2.56314270856935,0.63558469819716,3.7363836898311202,0.24007634582464132,0.1407262066588294
22-25,stroop_interference,Stroop Interference,48,29,19,22.655381994968423,25.72621866857108,0.37851596786802844,-16.786409001947874,29.76731902391156,0.5728080646949697,-44.51846603041243,0.1394510320834994,0.14080168500565293
22-25,prp_bottleneck,PRP Bottleneck,47,29,18,-39.70904299671161,29.448740304351613,0.17752581714999893,94.4090355016648,38.106928794274644,0.013231497660225055,-79.8691404781745,0.05791034203263128,0.27934970263571224
