ate,se,ci_lower,ci_upper,p,n,r2,outcome,adjustment
-0.6958312007941841,0.41069435964116774,-1.5063827070345257,0.11472030544615741,0.09199099300546455,177,0.016138612280966025,WCST PE Rate,None
-0.7068492747991642,0.41176480514887365,-1.519545945912422,0.1058473963140939,0.08782568452658276,177,0.018406211342638645,WCST PE Rate,Age
-0.18381897505437464,0.557856638032963,-1.2849911343866365,0.9173531842778873,0.7421739988070131,177,0.029528622999026588,WCST PE Rate,Age + DASS
13.569216445230708,11.799849097904156,-9.72388282149511,36.862315711956526,0.25178029264634266,172,0.007718671028134172,PRP Bottleneck,None
13.303617396943249,11.83131908005127,-10.052594892242794,36.65982968612929,0.2624206417629481,172,0.009737505294307502,PRP Bottleneck,Age
23.869593346501507,16.0910627497661,-7.899921318913673,55.63910801191669,0.1398624867676121,172,0.016948073041465284,PRP Bottleneck,Age + DASS
0.838351990705673,0.7749960700345573,-0.6911899110767245,2.3678938924880706,0.28085201095085865,177,0.006642344463874905,WCST Accuracy,None
0.8656141418016092,0.7763702171181129,-0.6667011098023894,2.397929393405608,0.26640933101762443,177,0.010578618650390004,WCST Accuracy,Age
0.49322881570928107,1.0554735735967766,-1.5902063088666234,2.5766639402851856,0.6408761054967134,177,0.014985890308719663,WCST Accuracy,Age + DASS
