ate,se,ci_lower,ci_upper,p,n,r2,outcome,adjustment
-0.44125766089854246,0.41431429817457466,-1.2599481737923925,0.37743285199530774,0.28858463812344376,151,0.00755517930206151,WCST PE Rate,None
-0.4534375445042177,0.41471999836677303,-1.272975061823948,0.36609997281551254,0.276012933027909,151,0.01327703127092228,WCST PE Rate,Age
0.02312999220583431,0.5670577225636462,-1.097702163093314,1.1439621475049826,0.9675202221423647,150,0.025280233518716666,WCST PE Rate,Age + DASS
7.945157324716433,12.458238151375886,-16.66594336986009,32.556258019292954,0.5245879160916616,156,0.0026340593597211637,PRP Bottleneck,None
7.601862247617845,12.497444887109376,-17.087968833557447,32.29169332879314,0.5439081447593921,156,0.00496401619468001,PRP Bottleneck,Age
18.638117253770996,17.452931363879703,-15.851012993707311,53.1272475012493,0.2873010062761809,154,0.012149196014736074,PRP Bottleneck,Age + DASS
0.46987650617363247,0.8203333933800899,-1.1511130892356833,2.0908661015829484,0.5676520994436909,151,0.002197076524747321,WCST Accuracy,None
0.4939979272440029,0.8211355822394335,-1.1286665671174358,2.1166624216054415,0.5483586123821695,151,0.007952450981002945,WCST Accuracy,Age
0.3691337841425133,1.1344849618828916,-1.8732609040613029,2.6115284723463295,0.7453690660527716,150,0.010440698393264447,WCST Accuracy,Age + DASS
