a_path,b_path,indirect,direct,total,mediation_pct,n,outcome,mediator
0.6662515409874122,-0.7469630404528699,-0.4976652767623673,-0.2091839980367974,-0.7068492747991642,70.40613812665623,177,WCST PE Rate,DASS Depression
0.4743608413449241,-0.4222033072686483,-0.2002767160545655,-0.5065725587445951,-0.7068492747991642,28.333723071509098,177,WCST PE Rate,DASS Anxiety
0.5118335821064134,-0.4284632508063604,-0.21930188046117804,-0.4875473943379849,-0.7068492747991642,31.025267801751355,177,WCST PE Rate,DASS Stress
0.6748691650877183,-16.0012259073433,-10.798733968468742,24.102351365411945,13.303617396943249,-81.17141110018655,172,PRP Bottleneck,DASS Depression
0.47226580658413075,-1.9741783577719954,-0.932336934474126,14.23595433141737,13.303617396943249,-7.008146030179338,172,PRP Bottleneck,DASS Anxiety
0.5097740812750788,-6.166876567064904,-3.1437138363123234,16.447331233255667,13.303617396943249,-23.63051899729655,172,PRP Bottleneck,DASS Stress
0.6662515409874122,0.37630459576650693,0.2507135168100805,0.6149006249915296,0.8656141418016092,28.963657674107374,177,WCST Accuracy,DASS Depression
0.4743608413449241,0.5791493070978906,0.2747257525792852,0.5908883892223494,0.8656141418016092,31.737669166020837,177,WCST Accuracy,DASS Anxiety
0.5118335821064134,0.7794364438462522,0.3989417470781116,0.46667239472350835,0.8656141418016092,46.08771134997762,177,WCST Accuracy,DASS Stress
