a_path,b_path,indirect,direct,total,mediation_pct,n,outcome,mediator
0.6739817784381618,-0.73070796864609,-0.4924838562270283,0.028697428067076314,-0.46378642815994825,106.18763860359945,150,WCST PE Rate,DASS Depression
0.4672049943042738,-0.28647163690902594,-0.13384097949041746,-0.3299454486695345,-0.46378642815994825,28.858321711013733,150,WCST PE Rate,DASS Anxiety
0.517490196823429,-0.23904343814417228,-0.12370263585457689,-0.34008379230537167,-0.46378642815994825,26.67232768008359,150,WCST PE Rate,DASS Stress
0.6831494420684259,-17.361858473206453,-11.860743929241961,19.485854192802663,7.625110263560578,-155.54849070082216,154,PRP Bottleneck,DASS Depression
0.4745352890385451,-2.35566774281666,-1.1178474732162809,8.742957736776958,7.625110263560578,-14.660082734256713,154,PRP Bottleneck,DASS Anxiety
0.5234838153409747,-3.214022937417637,-1.682488989872791,9.307599253433455,7.625110263560578,-22.06511029634797,154,PRP Bottleneck,DASS Stress
0.6739817784381618,0.07151292820747601,0.04819841053459527,0.45523124710235896,0.5034296576369819,9.574010947394495,150,WCST Accuracy,DASS Depression
0.4672049943042738,0.5516770534708555,0.2577462746246496,0.2456833830123073,0.5034296576369819,51.19807121306069,150,WCST Accuracy,DASS Anxiety
0.517490196823429,0.31607465270980695,0.16356553424169495,0.33986412339528793,0.5034296576369819,32.49024600764392,150,WCST Accuracy,DASS Stress
