task,metric,beta_ucla,p_ucla,n
wcst,p_error_after_error,-0.014855526369344028,0.44441700367898707,169
stroop,p_error_after_error,0.013562055490549195,0.3451293774830434,39
