task,beta_ucla,p_ucla,beta_interaction,p_interaction,n
wcst,1.8284073247501929,0.2731548708374551,-0.9323160680577702,0.6750285962037664,171
