profile,n,pct,ucla_mean,pct_male
0,123,73.65269461077844,41.49593495934959,41.46341463414634
1,44,26.34730538922156,40.38636363636363,29.545454545454547
