cluster,n,pe_rate_mean,pe_rate_sd,stroop_interference_mean,stroop_interference_sd,prp_bottleneck_mean,prp_bottleneck_sd,ucla_mean,pct_male
0,59,9.925623319115427,3.1769251865600046,220.55391943108555,100.50653560878327,713.6180414439135,123.85373990440488,41.813559322033896,27.11864406779661
1,93,8.740376158265342,3.167075377720609,85.95373021356892,69.23517550797307,509.67146683789906,122.75241002958197,41.46236559139785,48.38709677419355
2,15,22.57468109162123,5.704074814122573,149.0061465617218,132.8445539423637,620.7048343659874,82.0085922006477,37.2,20.0
