,ucla_total,dass_depression,dass_anxiety,dass_stress,stroop_interference,pe_rate,prp_bottleneck
ucla_total,1.0,0.7338352609657314,0.5710687028274591,0.5916022609244532,0.029198187069496277,-0.09965377436939656,0.059939668213331035
dass_depression,0.7338352609657314,1.0,0.5787070389509832,0.5722571725184603,-0.05985784908276582,-0.1545806817467759,0.05411581097927905
dass_anxiety,0.5710687028274591,0.5787070389509832,1.0,0.706881750848998,0.06901120015449137,-0.11845137147654826,0.15057067302535815
dass_stress,0.5916022609244532,0.5722571725184603,0.706881750848998,1.0,-0.026794403322975623,-0.1617778986823985,0.14466870165483806
stroop_interference,0.029198187069496277,-0.05985784908276582,0.06901120015449137,-0.026794403322975623,1.0,0.004405583183584886,0.08348965311607974
pe_rate,-0.09965377436939656,-0.1545806817467759,-0.11845137147654826,-0.1617778986823985,0.004405583183584886,1.0,0.09944314067609962
prp_bottleneck,0.059939668213331035,0.05411581097927905,0.15057067302535815,0.14466870165483806,0.08348965311607974,0.09944314067609962,1.0
