,ucla_total,dass_depression,dass_anxiety,dass_stress,stroop_interference,pe_rate,prp_bottleneck
ucla_total,1.0,0.7338352609657316,0.5710687028274593,0.5916022609244532,0.02919818706949638,-0.09965377436939649,0.059939668213330875
dass_depression,0.7338352609657316,1.0,0.578707038950983,0.5722571725184602,-0.059857849082765834,-0.15458068174677586,0.05411581097927895
dass_anxiety,0.5710687028274593,0.578707038950983,1.0,0.7068817508489977,0.06901120015449126,-0.11845137147654827,0.15057067302535782
dass_stress,0.5916022609244532,0.5722571725184602,0.7068817508489977,1.0,-0.026794403322975602,-0.1617778986823985,0.14466870165483778
stroop_interference,0.02919818706949638,-0.059857849082765834,0.06901120015449126,-0.026794403322975602,1.0,0.004405583183584723,0.08348965311607964
pe_rate,-0.09965377436939649,-0.15458068174677586,-0.11845137147654827,-0.1617778986823985,0.004405583183584723,1.0,0.09944314067609962
prp_bottleneck,0.059939668213330875,0.05411581097927895,0.15057067302535782,0.14466870165483778,0.08348965311607964,0.09944314067609962,1.0
