,ucla_total,dass_depression,dass_anxiety,dass_stress,stroop_interference,perseverative_error_rate,prp_bottleneck
ucla_total,1.0,0.7338352609657316,0.5710687028274593,0.5916022609244532,0.02919818706949638,-0.09965377436939649,0.05426211913259514
dass_depression,0.7338352609657316,1.0,0.578707038950983,0.5722571725184602,-0.059857849082765834,-0.15458068174677586,0.049456440832563904
dass_anxiety,0.5710687028274593,0.578707038950983,1.0,0.7068817508489977,0.06901120015449126,-0.11845137147654827,0.14612319406470956
dass_stress,0.5916022609244532,0.5722571725184602,0.7068817508489977,1.0,-0.026794403322975602,-0.1617778986823985,0.14045305924899204
stroop_interference,0.02919818706949638,-0.059857849082765834,0.06901120015449126,-0.026794403322975602,1.0,0.004405583183584723,0.08686678254674438
perseverative_error_rate,-0.09965377436939649,-0.15458068174677586,-0.11845137147654827,-0.1617778986823985,0.004405583183584723,1.0,0.10332057245527111
prp_bottleneck,0.05426211913259514,0.049456440832563904,0.14612319406470956,0.14045305924899204,0.08686678254674438,0.10332057245527111,1.0
