,ucla_total,dass_depression,dass_anxiety,dass_stress,stroop_interference,perseverative_error_rate,prp_bottleneck
ucla_total,1.0,0.7277270815526101,0.5744340112441813,0.5894113671333971,0.018062499894605216,-0.09551290853904136,0.08129962937592375
dass_depression,0.7277270815526101,1.0,0.5794067680217679,0.5835434116922948,-0.05646825664524091,-0.15906013131966515,0.07429939270509225
dass_anxiety,0.5744340112441813,0.5794067680217679,1.0,0.6989983787213129,0.05978863151897776,-0.11417867050175798,0.1576057722060292
dass_stress,0.5894113671333971,0.5835434116922948,0.6989983787213129,1.0,-0.057163500814347346,-0.1625694684698438,0.1496071820448695
stroop_interference,0.018062499894605216,-0.05646825664524091,0.05978863151897776,-0.057163500814347346,1.0,-0.012980758126703537,0.09796164463257954
perseverative_error_rate,-0.09551290853904136,-0.15906013131966515,-0.11417867050175798,-0.1625694684698438,-0.012980758126703537,1.0,0.09715102104319676
prp_bottleneck,0.08129962937592375,0.07429939270509225,0.1576057722060292,0.1496071820448695,0.09796164463257954,0.09715102104319676,1.0
