,ucla_total,dass_depression,dass_anxiety,dass_stress,stroop_interference,perseverative_error_rate,prp_bottleneck
ucla_total,0.0,9.565194250472978e-14,5.7685367036336904e-08,2.1236492815428054e-08,0.876925289119262,0.4117937743243762,0.48507439617430503
dass_depression,9.565194250472978e-14,0.0,4.1628176194567475e-08,3.160238078298554e-08,0.6280260374577084,0.1699302923156308,0.5235552340291503
dass_anxiety,5.7685367036336904e-08,4.1628176194567475e-08,0.0,2.186624341421414e-12,0.6079190306769185,0.3260474910128424,0.17391886178395602
dass_stress,2.1236492815428054e-08,3.160238078298554e-08,2.186624341421414e-12,0.0,0.6237927788008251,0.1605832312865954,0.1970843696273872
stroop_interference,0.876925289119262,0.6280260374577084,0.6079190306769185,0.6237927788008251,0.0,0.9113841649289269,0.39985309600410035
perseverative_error_rate,0.4117937743243762,0.1699302923156308,0.3260474910128424,0.1605832312865954,0.9113841649289269,0.0,0.40378313525036413
prp_bottleneck,0.48507439617430503,0.5235552340291503,0.17391886178395602,0.1970843696273872,0.39985309600410035,0.40378313525036413,0.0
