,ucla_total,dass_depression,dass_anxiety,dass_stress,stroop_interference,pe_rate,prp_bottleneck
count,72.0,72.0,72.0,72.0,72.0,72.0,72.0
mean,41.72222222222222,8.0,6.194444444444445,10.277777777777779,144.33104851330418,10.586597333566857,608.6227193093769
std,12.406520573418405,7.73504918636546,6.154441631836881,7.394749226237211,98.78838790658929,4.619305939921184,146.9464219235931
min,20.0,0.0,0.0,0.0,-47.75412698700313,1.639344262295082,290.88578721815765
25%,32.0,2.0,2.0,4.0,88.82446428588798,8.092575333954645,500.00090579653687
50%,41.0,5.0,4.0,8.0,130.13135386471174,10.119470914521404,601.1948699004314
75%,52.25,12.0,10.0,16.0,196.59027777778104,11.904761904761903,709.4806488786649
max,65.0,34.0,26.0,30.0,408.75490196075066,32.03125,935.0822452554327
