,ucla_total,dass_depression,dass_anxiety,dass_stress,stroop_interference,perseverative_error_rate,prp_bottleneck
count,76.0,76.0,76.0,76.0,76.0,76.0,76.0
mean,41.63157894736842,7.973684210526316,6.184210526315789,10.473684210526315,139.39901859992406,10.610147331607372,603.9330081294477
std,12.24509927033468,7.683703419941067,6.014893795273617,7.425135121931948,99.21470489191844,4.542971797870112,145.9758989110808
min,20.0,0.0,0.0,0.0,-47.75412698700313,1.639344262295082,288.6608695634033
25%,32.0,2.0,2.0,4.0,87.03255953051121,8.092575333954645,504.01231060585553
50%,41.5,5.0,4.0,9.0,127.77738096174744,10.13575490735645,597.7544001224037
75%,52.0,12.0,8.5,16.0,190.83519841278562,11.904761904761903,706.3088471142739
max,65.0,34.0,26.0,30.0,408.75490196075066,32.03125,931.4046195652066
