feature_set,R2,DeltaR2
demo_dass,0.49276157101833884,
demo_dass+ef_basic,0.46740130428450055,-0.025360266733838288
demo_dass+ef_extended,0.4470476119038951,-0.04571395911444376
