n,r_squared,adj_r_squared,aic,bic
84,0.5974778297791414,0.5716751265598556,589.5749116079221,604.159812400982
