Measure,Low_N,Low_Mean,Low_SD,High_N,High_Mean,High_SD,t,p,Cohen_d,p_fdr_adjusted,significant_fdr
Stroop Interference (ms),38,133.91541139667115,96.42634155519417,38,144.882625803177,102.92401463435473,-0.4793531026170826,0.633107052693139,0.1099711438200287,0.633107052693139,False
WCST Perseverative Error Rate (%),38,10.954042610797014,5.0134112595879765,38,10.266252052417727,4.05681800013219,0.6574197817254198,0.5130392921325282,-0.1508224416855617,0.633107052693139,False
PRP Bottleneck Effect (ms),38,595.0679329068568,166.5983385147256,38,612.7980833520385,123.60182219081302,-0.5268734931946835,0.5999895169297899,0.12087306909820474,0.633107052693139,False
DASS Depression,38,3.789473684210526,4.938310766751976,38,12.157894736842104,7.702320870973308,-5.63819056641504,4.328666469241161e-07,1.2934896264961846,2.597199881544697e-06,True
DASS Anxiety,38,3.263157894736842,3.492727661146226,38,9.105263157894736,6.603805101664353,-4.82067157620532,1.1277619635867302e-05,1.1059379074041011,2.615317571578544e-05,True
DASS Stress,38,6.947368421052632,5.95000508026607,38,14.0,7.128170228804221,-4.682261680600278,1.307658785789272e-05,1.0741844996289225,2.615317571578544e-05,True
