Measure,t,p,Cohen_d,p_fdr_adjusted,significant_fdr
Stroop Interference (ms),0.09759144303132838,0.9226992936873033,-0.02787359063605828,0.9226992936873033,False
WCST Perseverative Error Rate (%),0.8654415670371548,0.3915675229290907,-0.24750241988770139,0.8468085486897591,False
PRP Bottleneck Effect (ms),-0.5805788262712489,0.5645390324598394,0.16605307897138033,0.8468085486897591,False
