group_type,measure,n_low,n_high,F,p_value,partial_eta2,adj_mean_low,adj_mean_high
quartile,Stroop 간섭 (ms),22,22,1.1028991152923036,0.3004420070686435,0.02894528082902919,125.62644759580795,177.15130004325988
quartile,PRP 병목 (ms),22,21,2.6138790652900754,0.11466298428208475,0.06769273454424021,735.2619438039735,614.0117890143479
quartile,WCST 총 오류,20,21,1.3618175354962994,0.25134244408640294,0.03851095985463142,12.770040617604785,17.78758217888484
