Measure,Low_N,Low_Mean,Low_SD,High_N,High_Mean,High_SD,t,p,Cohen_d,p_fdr_adjusted,significant_fdr
Stroop Interference (ms),20,146.49026988630627,120.84296304666316,20,151.62067679443422,88.7614518251078,-0.15302170499434742,0.8792630010978815,0.04838971192245009,0.8792630010978815,False
WCST Perseverative Error Rate (%),20,11.00194419090431,3.534288291890455,20,9.885873134653153,3.29151163524773,1.0334602066852001,0.30795397375042666,-0.3268088124273604,0.46193096062564,False
PRP Bottleneck Effect (ms),20,578.5714962273821,171.61153993571466,20,588.2832525761726,137.83169074810087,-0.19732150567341888,0.8446764132794295,0.06239853892618406,0.8792630010978815,False
DASS Depression,20,1.7,1.4903196407411894,20,15.0,8.54708322054649,-6.855593406592137,1.1129231532838985e-06,2.167928987686395,6.677538919703392e-06,True
DASS Anxiety,20,1.9,2.1980852911951394,20,11.0,7.827078503166865,-5.005793744701508,5.209159592829135e-05,1.5829709730280195,0.0001041831918565827,True
DASS Stress,20,4.4,4.134578193976414,20,15.4,7.570023986612906,-5.703234321017338,3.433456869050625e-06,1.8035210484058706,1.0300370607151875e-05,True
