Measure,Low_N,Low_Mean,Low_SD,High_N,High_Mean,High_SD,t,p,Cohen_d,p_fdr_adjusted,significant_fdr
Stroop Interference (ms),40,136.79415239311032,116.67047087416829,45,139.64948084710196,109.39220326276421,-0.11596820396679312,0.9079672586939007,0.02529736666755211,0.9079672586939007,False
WCST Perseverative Error Rate (%),37,10.655012884717161,4.462157290735043,44,9.528843211360678,4.689656554115416,1.1053799968893114,0.2724031115821107,-0.24549270871491877,0.4086046673731661,False
PRP Bottleneck Effect (ms),40,576.8354193727384,140.4269860794102,43,585.1205224287845,166.5070763204461,-0.24562589981493702,0.8065989009764836,0.053625081946771326,0.9079672586939007,False
DASS Depression,43,2.2325581395348837,2.234333919094347,45,14.488888888888889,9.497899821018382,-8.416158808567037,4.395287986649294e-11,1.7582382687379763,2.6371727919895765e-10,True
DASS Anxiety,43,2.0,3.1773004414499577,45,9.466666666666667,7.328648641399784,-6.24763686300728,4.576584392267673e-08,1.3115713536601066,9.153168784535346e-08,True
DASS Stress,43,5.069767441860465,5.3157239745118865,45,14.4,8.01816120384899,-6.460313280433135,8.660176945976142e-09,1.3654222471691415,2.5980530837928427e-08,True
