Measure,Low_N,Low_Mean,Low_SD,High_N,High_Mean,High_SD,t,p,Cohen_d,p_fdr_adjusted,significant_fdr
Stroop Interference (ms),75,134.59114414030924,108.9018382286157,85,141.64411460748713,102.19611469952598,-0.42074549303565834,0.6745330963451324,0.06692263898048299,0.6745330963451324,False
WCST Perseverative Error Rate (%),69,10.907830314773681,5.743755924502617,82,10.218499092696716,4.626542930186765,0.8017854289791588,0.42414035651181115,-0.13342407163460618,0.5089684278141734,False
PRP Bottleneck Effect (ms),74,584.8484524682798,148.9133187909022,82,612.6012943692148,163.04499524130642,-1.1111313599029258,0.2682438433156897,0.17732837200744345,0.40236576497353455,False
DASS Depression,79,3.4683544303797467,3.8258079188248506,87,11.402298850574713,8.545990179154662,-7.8375602116094925,1.9572020580344644e-12,1.1793245225607518,1.1743212348206786e-11,True
DASS Anxiety,79,3.392405063291139,4.118182700767064,87,7.724137931034483,6.236967165426982,-5.324738569771554,3.619229242715212e-07,0.8119105356814885,7.238458485430424e-07,True
DASS Stress,79,7.2405063291139244,6.351287351584348,87,13.057471264367816,7.550383205798048,-5.387265716751571,2.4639378025414866e-07,0.8303162695100167,7.238458485430424e-07,True
