outcome,observed_interaction,null_mean,null_sd,p_permutation,n_permutations
Stroop,21.621011065830423,-0.2077185751003853,25.891658771078095,0.41,1000
WCST,2.594371466121463,0.014236603057188177,0.9315942122669465,0.004,1000
PRP,61.23889618390776,-1.8315108833852614,40.27766771017273,0.134,1000
