outcome,n,r2_model1,r2_model2,delta_r2,delta_f,p_value,ucla_coef,ucla_se,ucla_t,ucla_p
stroop_interference,72,0.02540782147658327,0.034198082401946106,0.008790260925362836,0.6098015247930139,0.4376130236299657,1.1629787599946855,0.6255714226581811,1.859066315806036,0.06740989487407578
perseverative_error_rate,72,0.03220280927256136,0.034560586127896364,0.002357776855335003,0.16362606191295642,0.6871282627211617,0.02816391846262273,0.02924598212723614,0.9630012881801735,0.3390097405549457
prp_bottleneck,72,0.02775719832813095,0.028437339267117334,0.0006801409389863844,0.046903246443943385,0.829200314936231,-0.48061887279379967,0.9321777650544567,-0.5155871452970373,0.6078399708957607
