{
  "summary": {
    "auc": 0.948,
    "accuracy": 0.88,
    "f1": 0.8636363636363636,
    "log_loss": 0.3955894522348494
  },
  "final_params": {
    "model__C": 0.5
  }
}