outcome,r_squared,adj_r_squared,AIC,BIC,p_value,nobs
Stroop interference (ms),0.031186466833546866,-0.007826158663088778,1902.3290335011197,1923.6780255518665,0.44823637263879657,156
PRP bottleneck (short-long RT),0.10931305738674546,0.07245704596826585,1954.105333599677,1975.2724972456008,0.00590442363476449,152
WCST total errors,0.09013710830332122,-0.046342325451180555,381.5812970789423,394.53233029091274,0.5112607376167929,47
Latent meta-control factor,0.049039282260786354,-0.09726236662216947,145.64567396900287,158.44616374442654,0.8868792474674635,46
