fold,auc,accuracy,f1,best_C
1,1.0,1.0,1.0,0.5
2,1.0,0.9,0.8888888888888888,0.1
3,0.92,0.9,0.8888888888888888,1.0
4,0.8600000000000001,0.8,0.75,0.1
5,0.9600000000000001,0.8,0.75,0.5
