ef_variable,F_statistic,p_value,eta_squared
stroop_interference,0.3494909799735054,0.7896235149654897,0.015184592725646498
perseverative_error_rate,1.8335320757843077,0.14930609060019212,0.07483743683300768
prp_bottleneck,0.15013177593815222,0.9292624253970362,0.006579879132289536
