indicator,loading
stroop_effect,0.7135926941977614
prp_bottleneck,0.5104652490188589
wcst_total_errors,0.47980276815759904
