indicator,loading
stroop_effect,0.7007048298960551
prp_bottleneck,-0.6938097224893612
wcst_total_errors,0.16625525657727502
