feature,importance_mean,importance_std
age,0.010703220923166532,0.009025064219478789
dass_dep,0.6691968962347851,0.09465603833367518
dass_anx,0.02141120692899587,0.01534592829950628
dass_stress,0.0637915615620277,0.02740141577363278
gender,0.0007928487174167387,0.002548227326834112
