fold,model,R2,RMSE,MAE
1,rf,0.5704882727656597,7.139682799356288,5.23907448583024
2,rf,0.5942395693647691,7.512509003789059,5.6119047942189395
3,gbrt,0.3686773630929491,9.282973198881667,8.060053934037654
4,rf,0.7027692241547312,6.557391674460373,5.887666184237874
5,rf,0.4951551754104361,7.969068388129296,6.603414887734589
