Task,Loading
Stroop Interference,0.4615054070510811
WCST Perseverative Errors,0.5434905879514708
PRP Bottleneck,0.7011638468081346
