Task,Loading
stroop_interference,0.49057685067763634
perseverative_error_rate,0.48563359101195863
prp_bottleneck,0.7235291071270329
