stroop_interference_ms,ci_low,ci_high,n,prp_bottleneck_ms,wcst_switch_cost_ms
137.2342130636878,-457.84402024359724,-147.9972970555367,82,598.8768122398278,-302.920658649567
