stroop_split_half_r,sb,n,prp_split_half_r,wcst_deck_r
0.40950662188359443,0.5447064787548467,1,0.3742932066988069,
