stroop_split_half_r,sb,n,prp_split_half_r,wcst_deck_r
0.40667678319134204,0.535825392396186,1,0.36595730428154866,
