outcome,low_bound,high_bound,nx,ny,diff,p_lower,p_upper,equivalent
stroop_effect,-10.0,10.0,22,22,-1.772727272727252,0.3972915587729,0.35479527837756875,False
prp_bottleneck,-10.0,10.0,21,22,-13.222943722943796,0.5252156377130153,0.3244947775272268,False
wcst_total_errors,-0.5,0.5,21,20,-0.9642857142857135,0.5676853788586891,0.2957101156309404,False
