age_group,n,age_range,outcome,pearson_r,pearson_p,spearman_rho,spearman_p
≤20.0세,43,18-20,Stroop 간섭,-0.05182162124312903,0.7413806648548997,0.010276563308627354,0.9478524429420374
≤20.0세,43,18-20,WCST 보속오류율,-0.1719652611003743,0.27017386938901083,-0.19460402589377762,0.21111805182264623
≤20.0세,43,18-20,PRP 병목효과,0.21099922624496936,0.1744029384119863,0.15210824956078572,0.33019048699636067
>20.0세,29,21-29,Stroop 간섭,0.12871103332157213,0.505783454753414,0.17422377670449102,0.36605152028483223
>20.0세,29,21-29,WCST 보속오류율,0.07676599532698454,0.6922538749455733,0.1178065391653855,0.5427715939418514
>20.0세,29,21-29,PRP 병목효과,-0.2050805516003626,0.28587779684182746,-0.16978809356349972,0.37856915646897615
