outcome,linear_r2,quadratic_r2,delta_r2,quad_coef,quad_p,lr_stat,lr_p
Stroop 간섭,0.15012382059359186,0.15036178158851599,0.0002379609949241246,-0.010920791910684818,0.8939151109166927,0.020162455544436853,0.8870843013183963
WCST 보속오류율,0.04558252000918461,0.0525761245035089,0.00699360449432429,-0.0027683602612803716,0.49435508051849153,0.5295308063876405,0.46680418501458276
PRP 병목효과,0.22976840178900226,0.2604966533791835,0.03072825159018122,-0.18459642509723556,0.10785390491547356,2.9312955980542483,0.08687774697769356
