gender,z,p
Female,-0.8089818030786002,0.4185256132780659
Male,0.19764707875651308,0.8433211977958157
