gender,z,p
Female,-0.1366122263991665,0.8913373118455832
Male,-0.9617908173655548,0.3361546916079994
