model,term,beta,se,t,p
DASS Depression outcome,Intercept,0.592356270567134,0.4103021922030982,1.4437073011638204,0.1488213268005948
DASS Depression outcome,C(gender_male)[T.1],-0.36957424422138474,0.4874892087178407,-0.7581177954552318,0.44838046729316927
DASS Depression outcome,prp_bottleneck,-0.0008729486790346088,0.000616890244713786,-1.4150794027219937,0.15704521654633802
DASS Depression outcome,prp_bottleneck:C(gender_male)[T.1],0.0003222306466041408,0.0007857099524547504,0.41011399384392844,0.6817223277957621
DASS Depression outcome,z_ucla,0.6854936816603355,0.10375581419004673,6.606797768506112,3.927219235118491e-11
DASS Depression outcome,z_ucla:C(gender_male)[T.1],-0.018114758375376204,0.13930303015591486,-0.13003850924923363,0.8965359593720197
DASS Depression outcome,z_age,0.06938015364430733,0.05937898160587421,1.168429497575683,0.24263356230886324
