gender,parameter,n,r,p,mean,sd
male,mu_interference,68,0.01386116893226586,0.9106740743398059,67.94814482026108,140.0047922567507
male,sigma_interference,68,0.054410698936307185,0.6594371973150496,37.14702690328621,85.01634086632235
male,tau_interference,68,0.03338368095827417,0.7869599311206957,54.93490888981392,130.71698692719562
female,mu_interference,106,-0.07231741903211,0.46131050682703334,74.08243852406041,147.37328626823086
female,sigma_interference,106,-0.059746097791261846,0.5429393931949997,33.198653142739005,85.89178608030501
female,tau_interference,106,0.05975667209761708,0.542867870130571,72.91861357225979,137.77605816565958
