gender,parameter,n,r,p,mean,sd
male,mu_interference,59,-0.0008945424629723255,0.9946349896777157,72.39677391770557,137.3474138820281
male,sigma_interference,59,0.045546169746315326,0.7319451104045908,34.81585864822429,81.33884066852978
male,tau_interference,59,0.0390540724674361,0.7690072806171158,59.152790949785114,129.76513909581456
female,mu_interference,98,-0.08691079338541031,0.39479957281049627,78.13753803156928,139.05919686464244
female,sigma_interference,98,-0.062210146722540126,0.542831247823616,33.052245806135915,82.8947017293248
female,tau_interference,98,0.08624428525612508,0.39844856733446965,65.56607891601493,131.90378115348088
