gender,parameter,n,r,p,mean,sd
male,mu_bottleneck,58,0.2937555604367245,0.02521415894761679,397.6791398893818,219.90611019556758
male,sigma_bottleneck,58,0.32867758790896673,0.011766940980303127,107.64954993537802,111.47245847901273
male,tau_bottleneck,58,-0.19279773077592943,0.14706306777954592,137.36732108935414,186.7827950349125
female,mu_bottleneck,94,0.14967891533737956,0.1498958798286858,561.6183808566276,255.31074505889646
female,sigma_bottleneck,94,0.17987661083232237,0.08277369650501852,149.7294941668518,118.2593156350572
female,tau_bottleneck,94,-0.21789731600393203,0.034880120186720515,67.44643598510015,211.14678030596463
