gender,parameter,n,r,p,mean,sd
male,mu_bottleneck,67,0.307083861555294,0.01148182209556698,389.3350020060577,217.32065666935563
male,sigma_bottleneck,67,0.29614583883548945,0.014962160552949653,103.28869141542509,105.75319346996179
male,tau_bottleneck,67,-0.22158990613662755,0.07152437383956443,141.46651091638714,166.20199251950652
female,mu_bottleneck,94,0.0677201033087303,0.5166415778383364,533.0134760582722,240.1778375591783
female,sigma_bottleneck,94,0.10630070269304887,0.3078581648010445,139.5661900649949,119.28602787894367
female,tau_bottleneck,94,-0.11846333592522236,0.2554602101160306,96.09749720415623,194.01058008087347
