gender,parameter,n,r,p,mean,sd
male,mu_bottleneck,27,0.47861380631231437,0.011554083613040295,398.7955424872846,239.007572135736
male,sigma_bottleneck,27,0.5108970711118601,0.006464366760591227,98.51424330739714,125.80098178343292
male,tau_bottleneck,27,-0.3271699888762866,0.09575582808500561,138.47290328724515,203.35927611716093
female,mu_bottleneck,44,0.20621392578226286,0.17927977197330103,567.0232686495697,265.2404890675055
female,sigma_bottleneck,44,0.1851587164335135,0.22886640684321383,157.40103749924,120.68955436097878
female,tau_bottleneck,44,-0.2888314626055336,0.05723876623786288,80.30104080661395,235.9956441869889
