Group,N,Mean_CSE,SD_CSE,UCLA_CSE_r,UCLA_CSE_p
Overall,72,9.783680478430567,131.1564293611699,-0.030736940280308798,0.7977133704059116
Males,27,7.243468038098753,136.4010153038687,-0.22312543652080086,0.2632643761712825
Females,45,11.307807942629655,129.45056262733198,0.08482695606591313,0.5795624776430215
