Group,N,Mean_CSE,SD_CSE,UCLA_CSE_r,UCLA_CSE_p
Overall,76,12.483765703797976,131.00506770732045,-0.04799679378251794,0.6805379918278995
Males,30,8.726303502655016,134.15428808755993,-0.2748389640090696,0.14159775226496046
Females,46,14.934284530630343,130.34577753013625,0.09505917980432585,0.5297385688632452
