Variable,Column,N,r,CI_Lower,CI_Upper,p,Significant
DASS-Dep,dass_depression,212,0.6630124738444944,0.5800871174435749,0.7323356595206019,3.2336847135335967e-28,True
DASS-Anx,dass_anxiety,212,0.49718566679008425,0.3884596677285183,0.5922579017236556,1.2288847621940506e-14,True
DASS-Str,dass_stress,212,0.5499267615364971,0.4484035691279009,0.6374415906093537,3.739492366876818e-18,True
Stroop Interference RT,stroop_interference,212,0.013367105175904162,-0.1216033603167195,0.1478522174399819,0.8465784181425675,False
WCST PE Rate,wcst_perseverative_error_rate,212,-0.1125489234791619,-0.24360579580860983,0.02254441712134649,0.10220741076650686,False
Stroop Interference RT Slope,stroop_interference_slope,212,0.22262854825669243,0.09059492293045251,0.34697101515071754,0.0011008048589499948,True
WCST Confirmation RT,wcst_confirmation_rt,212,0.15695138919610332,0.022679621038942027,0.28566124743502813,0.022258851419258346,True
WCST Exploitation RT,wcst_exploitation_rt,212,0.08595914450170829,-0.04936407445458241,0.21818333041347823,0.2125835400355124,False
WCST Confirm - Exploit RT,wcst_confirmation_minus_exploitation_rt,212,0.11191066070234754,-0.023190483686783323,0.24299765561985442,0.10417994323937815,False
