variable_1,variable_2,r,p_value,significant,n
UCLA Loneliness,DASS Depression,0.6737307302790028,7.912354028416136e-26,True,185
UCLA Loneliness,DASS Anxiety,0.5004209017310919,4.0720090777539833e-13,True,185
UCLA Loneliness,DASS Stress,0.532405285671225,6.207097427725999e-15,True,185
DASS Depression,DASS Anxiety,0.5967566327156621,3.132728964535868e-19,True,185
DASS Depression,DASS Stress,0.6228654945625385,2.8997346469405873e-21,True,185
DASS Anxiety,DASS Stress,0.7174056362474519,1.529321002929571e-30,True,185
