analysis,subgroup,n,mde_80,mde_90,effect_type
Correlation,Full Sample,169,0.2140814189129705,0.24641303743076887,r
Correlation,Males,60,0.35493476873456653,0.40477723919198105,r
Correlation,Females,106,0.26924353627767217,0.30896064488016806,r
Group Comparison,Full Sample,169,0.43481449762163604,0.5030960785836298,Cohen's d
