effect_size_label,r,d_equivalent,n_for_80_power,n_for_90_power
Small (r=0.10),0.1,0.20100756305184242,783,1047
Small-Medium (r=0.20),0.2,0.4082482904638631,194,259
Medium (r=0.30),0.3,0.628970902033151,85,113
Medium-Large (r=0.40),0.4,0.8728715609439696,47,62
Large (r=0.50),0.5,1.1547005383792517,30,38
