Analysis Type,N Analyses,Mean Power,Min Power,Max Power,N Underpowered (<80%),N Adequately Powered (≥80%),Significant Results
Correlation,12,0.13452133292524793,0.050802176476973986,0.3085501056608406,12,0,0
Group Comparison,4,0.12620388191133364,0.05511098136233451,0.2682822012637103,4,0,0
UCLA × Gender Interaction,4,0.1812140412957144,0.08591897565419271,0.3205529544735958,4,0,0
