gender,mean,se,ci_lower,ci_upper,significant
Female,-0.004330616298877615,0.033777811611610725,-0.06811389517832836,0.06802283946035792,False
Male,0.018360731486607454,0.03489148911307784,-0.049227897904716544,0.0898308503994752,False
