path,female_beta,female_se,male_beta,male_se
DASS Anxiety -> Loneliness,0.4989782176035636,0.08452429148946368,0.4685401231060322,0.10874548082912
Loneliness -> EF,-0.009633556674229129,0.06679024380456013,0.03735619718393776,0.07191643446889734
DASS Anxiety -> EF (direct),-0.07319486901141171,0.06878310541885344,0.02653012369433369,0.09199676840818549
