gender,z,p
Female,-0.3249804534292127,0.7451958653604849
Male,0.9411761754804959,0.34661458370898623
