gender,z,p
Female,-0.14419295357579717,0.8853481050310086
Male,0.5157047332498729,0.6060606482823969
