gender,z,p
Female,0.1276956446710621,0.8983898369247738
Male,-0.34648127156949116,0.7289810567228965
