model,term,beta,se,t,p
DASS Depression outcome,Intercept,0.18251451811004527,0.13249874603146183,1.377481097569838,0.16836355495713096
DASS Depression outcome,C(gender_male)[T.1],-0.11334007041501612,0.18861636949393595,-0.6009026189991427,0.5479048487283514
DASS Depression outcome,stroop_interference,-0.0009657255241513523,0.0007084243800796578,-1.363201989240916,0.17281886051026352
DASS Depression outcome,stroop_interference:C(gender_male)[T.1],-0.00014152113368733069,0.0010595284389731145,-0.13356992458313974,0.8937426677423521
DASS Depression outcome,z_ucla,0.6828694745863105,0.10376383937689834,6.580996604278913,4.6730525908003696e-11
DASS Depression outcome,z_ucla:C(gender_male)[T.1],-0.029038466303808994,0.13951392578108598,-0.2081402708814446,0.835119444035475
DASS Depression outcome,z_age,0.06689312827987781,0.05830125822664478,1.1473702337577747,0.25122863798587514
