task,group,label,outcome,outcome_column,n,beta,se,ci_low,ci_high,p,delta_r2,outcome_sd,ucla_beta,ucla_se
STROOP,Conventional,Stroop Interference RT,Stroop Interference RT,stroop_interference,220,0.04928832337432824,0.09377946064882316,-0.13451941949736515,0.2330960662460216,0.5997288843459649,0.0012761751827519,103.64222498320694,5.108351500207185,9.719511959369132
WCST,Conventional,WCST PE Rate,WCST Perseverative Error Rate (%),wcst_perseverative_error_rate,212,-0.027037842543981023,0.09447734726536718,-0.21221344318410068,0.15813775809613861,0.7750266999370699,0.0003878203625329,6.099151005418849,-0.1649078845364784,0.57623160756287
WCST,Temporal,WCST Confirm-Exploit RT,WCST Confirmation - Exploitation RT (ms),wcst_confirmation_minus_exploitation_rt,212,0.3126534631640862,0.09254468322788852,0.13126588403742473,0.4940410422907477,0.0008725079255685,0.0518576731377918,419.1830952582956,131.05904643234717,38.793166765164784
WCST,Temporal,WCST Confirmation RT,WCST Confirmation RT (ms),wcst_confirmation_rt,212,0.3070712078327431,0.09167161118627506,0.127394849907644,0.4867475657578422,0.000962885756761,0.0500224240301386,515.2125289592448,158.20693355807742,47.23036263304937
STROOP,Temporal,Stroop Interference Slope,Stroop Interference RT Slope,stroop_interference_slope,220,0.28746382410469157,0.09104444983957408,0.1090167024191264,0.4659109457902567,0.0018225768755375,0.0434098816547054,61.26997672904262,17.61290181333605,5.578291322979192
WCST,Temporal,WCST Exploitation RT,WCST Exploitation RT (ms),wcst_exploitation_rt,212,0.06873206108515668,0.09242642420391028,-0.11242373035450746,0.24988785252482082,0.457945251812729,0.002506139684867,394.9814205643404,27.147887125730207,36.50672032974282
