gender,z,p
Female,0.06941111437976206,0.9446623822624085
Male,-1.171695592211096,0.2413192933293078
