gender,mean,se,ci_lower,ci_upper,significant
Female,0.030714156533933966,0.04332046971787574,-0.05043244831224618,0.11902305128150159,False
Male,0.09223334104184021,0.06370417338654667,-0.032401399689734475,0.21880991946406492,False
