path,female_beta,female_se,male_beta,male_se
DASS Depression -> Loneliness,0.6052035373998949,0.07383093675851815,0.7638386076053219,0.10460320541339228
Loneliness -> EF,0.08498588213824658,0.08693866066071455,0.1022166980980615,0.09739907045096842
DASS Depression -> EF (direct),-0.19069547222035252,0.07684899351085588,-0.0796168764192674,0.08739113112599323
