path,female_beta,female_se,male_beta,male_se
DASS Depression -> Loneliness,0.5852160318237791,0.07073614597687056,0.745074458130442,0.10299095282446716
Loneliness -> EF,0.05146536200041283,0.07525528773009701,0.11983623589423895,0.08585192918342563
DASS Depression -> EF (direct),-0.1534541186393196,0.06641655700079863,-0.09577198748344519,0.07705197860608289
