gender,z,p
Female,0.6815524881996042,0.4955219664923003
Male,1.3705689523118747,0.1705093670462241
