gender,z,p
Female,0.9706607354407845,0.331717250584306
Male,1.038789607381793,0.2989025957724962
