model,term,beta,se,t,p
EF outcome,Intercept,0.17294220771460067,0.06208568898571809,2.7855406058936305,0.005343854643368307
EF outcome,C(gender_male)[T.1],-0.3960184947742084,0.09634455827117738,-4.110439674854807,3.9490644420775554e-05
EF outcome,z_ucla,0.08498588213824658,0.08693866066071455,0.9775384333318768,0.3283026602214162
EF outcome,z_ucla:C(gender_male)[T.1],0.017230815959814922,0.1299618746511347,0.13258362120482445,0.8945226864370776
EF outcome,z_dass_dep,-0.19069547222035252,0.07684899351085588,-2.4814309662157696,0.0130856054656236
EF outcome,z_dass_dep:C(gender_male)[T.1],0.11107859580108512,0.11578798352769104,0.9593274916521916,0.33739379002993075
EF outcome,z_age,0.11463044071469387,0.04948857073232054,2.316301299843961,0.02054182342487418
