outcome,outcome_label,n,ucla_coef,ucla_se,ucla_p,dass_dep_coef,dass_dep_p,dass_anx_coef,dass_anx_p,model_r2,model_f_p
npe_rate,Non-Perseverative Error Rate,174,0.19153969262334092,0.8570928748915028,0.8234381889642415,-0.306982457898788,0.7515053621737039,-1.0913174742116092,0.2577454077354173,0.03551565642838184,0.4108911825593413
pr_rate,Perseverative Response Rate,174,-0.47613665723470866,0.7761453268708499,0.5404047065897339,0.01082025824190938,0.9901646540979951,0.7499998034319462,0.39001263536506214,0.029747232088771836,0.5306490277341023
pe_proportion,PE as % of All Errors,174,0.3367440918470816,2.0384828541890188,0.86899148834533,1.533890444790939,0.5061058116819399,2.5092640721456623,0.27384629415510037,0.018375450021838158,0.7918331576989408
npe_proportion,NPE as % of All Errors,174,-0.7246704912497395,2.012862658941029,0.7192871930423791,-0.72622857793361,0.7497441763834083,-1.3633469038515265,0.5466054147913277,0.008131102013433034,0.9670817735390909
