gender,z,p
Female,-0.2231310374117671,0.8234335228639176
Male,0.2648636047558053,0.7911145364696142
