gender,mean,se,ci_lower,ci_upper,significant
Female,0.008114605541263507,0.01353275749612162,-0.01537981077825491,0.040498934911659214,False
Male,0.002574103022269811,0.015025985037576689,-0.027161339794429428,0.035372409336553244,False
