path,female_beta,female_se,male_beta,male_se
UCLA -> EF,-0.047759812372940844,0.05064137292167801,0.05753173443810762,0.059553134889014814
EF -> DASS Stress,-0.2538499934280346,0.12017271464073506,0.03273457788304007,0.16535206759362878
UCLA -> DASS Stress (direct),0.41431436001426974,0.08357385700075742,0.621794825827065,0.09068101470297228
