gender,z,p
Female,0.7134041432207047,0.4755957100192476
Male,0.3742717286098689,0.7082021634247582
