gender,z,p
Female,0.8611679760539172,0.38914553486732073
Male,0.1939386998276435,0.8462238808585303
