model,term,beta,se,t,p
DASS Stress outcome,Intercept,0.08186030790833326,0.08224773322042803,0.9952895320402759,0.3195954675025713
DASS Stress outcome,C(gender_male)[T.1],-0.10216175993116189,0.13815043987985132,-0.7394964505361794,0.4596055942727948
DASS Stress outcome,ef_composite,-0.2538499934280346,0.12017271464073506,-2.112376292629632,0.03465418676966831
DASS Stress outcome,ef_composite:C(gender_male)[T.1],0.2865845713110747,0.20470962814629276,1.3999564842464136,0.1615263498714834
DASS Stress outcome,z_ucla,0.41431436001426974,0.08357385700075742,4.957463672048962,7.141939089395988e-07
DASS Stress outcome,z_ucla:C(gender_male)[T.1],0.2074804658127953,0.1237111718294613,1.6771360479780428,0.09351588114294437
DASS Stress outcome,z_age,0.018980828526029902,0.04917587939222343,0.38597842602142646,0.6995126466441639
