gender,z,p
Female,0.12513839028320087,0.9004139911085518
Male,-0.04118616149756997,0.9671474858375668
