model,term,beta,se,t,p
DASS Anxiety outcome,Intercept,0.0949246740413029,0.13762216081803838,0.6897484640341511,0.4903523828158296
DASS Anxiety outcome,C(gender_male)[T.1],-0.13774891769092254,0.21453194326964062,-0.6420904765580241,0.5208144390366864
DASS Anxiety outcome,stroop_interference,-0.00039961360228881826,0.0007002016316499986,-0.5707121837850391,0.5681947584895564
DASS Anxiety outcome,stroop_interference:C(gender_male)[T.1],0.0003507247983052188,0.0013318851559017426,0.26332960972732167,0.7922965395312814
DASS Anxiety outcome,z_ucla,0.48197690468496734,0.10499334340057773,4.590547258278045,4.420853436545742e-06
DASS Anxiety outcome,z_ucla:C(gender_male)[T.1],0.02869309707048678,0.1740223462786207,0.1648816814855911,0.8690371111064319
DASS Anxiety outcome,z_age,0.02250116986442777,0.09558643480802517,0.23540128795073162,0.8138972865192561
