,UCLA,DASS-Dep,DASS-Anx,DASS-Str,WCST PE,Stroop Int,PRP Delay
UCLA,0.0,7.912354028416136e-26,4.0720090777539833e-13,6.207097427725999e-15,0.18872803893926218,0.8667677149262683,0.05174931405271788
DASS-Dep,7.912354028416136e-26,0.0,3.132728964535868e-19,2.8997346469405873e-21,0.11818724843397378,0.2683981901098878,0.7862506842237205
DASS-Anx,4.0720090777539833e-13,3.132728964535868e-19,0.0,1.529321002929571e-30,0.3380930268942964,0.8488685495430314,0.29368384453112983
DASS-Str,6.207097427725999e-15,2.8997346469405873e-21,1.529321002929571e-30,0.0,0.5286905797502778,0.6959435501776785,0.5646677444236307
WCST PE,0.18872803893926218,0.11818724843397378,0.3380930268942964,0.5286905797502778,0.0,0.21608725110713561,0.02776017687286337
Stroop Int,0.8667677149262683,0.2683981901098878,0.8488685495430314,0.6959435501776785,0.21608725110713561,0.0,0.0663886888207564
PRP Delay,0.05174931405271788,0.7862506842237205,0.29368384453112983,0.5646677444236307,0.02776017687286337,0.0663886888207564,0.0
