,UCLA,DASS-Dep,DASS-Anx,DASS-Str,WCST PE,Stroop Int,PRP Delay
UCLA,1.0,0.6563503993655726,0.45856203561234227,0.5159780988889519,-0.08030822920613813,0.014215166673232683,0.14473707834918742
DASS-Dep,0.6563503993655726,1.0,0.6024229652792796,0.6277265106141047,-0.1354585701267303,-0.05239803251147898,0.03236694476862227
DASS-Anx,0.45856203561234227,0.6024229652792796,1.0,0.7188676160143319,-0.11364738236646589,0.004096182289316852,0.06275886087168889
DASS-Str,0.5159780988889519,0.6277265106141047,0.7188676160143319,1.0,-0.1141872974617076,-0.008428026726486557,0.03791707770384799
WCST PE,-0.08030822920613813,-0.1354585701267303,-0.11364738236646589,-0.1141872974617076,1.0,0.07496898960021685,0.03764312060658314
Stroop Int,0.014215166673232683,-0.05239803251147898,0.004096182289316852,-0.008428026726486557,0.07496898960021685,1.0,0.14903329721093997
PRP Delay,0.14473707834918742,0.03236694476862227,0.06275886087168889,0.03791707770384799,0.03764312060658314,0.14903329721093997,1.0
