,UCLA,DASS-Dep,DASS-Anx,DASS-Str,WCST PE,Stroop Int,PRP Delay
UCLA,0.0,5.06567815408354e-26,8.585015148193384e-12,5.307261361317563e-15,0.25829174351702383,0.8416504332024065,0.04087050411305849
DASS-Dep,5.06567815408354e-26,0.0,3.846551904415601e-21,2.593711494496123e-23,0.05581335744034348,0.46119427620242454,0.6491179838863733
DASS-Anx,8.585015148193384e-12,3.846551904415601e-21,0.0,4.222598441273693e-33,0.10908083874270792,0.954094407726252,0.3773163360488559
DASS-Str,5.307261361317563e-15,2.593711494496123e-23,4.222598441273693e-33,0.0,0.10739771040866197,0.9057148269525284,0.5939926709471216
WCST PE,0.25829174351702383,0.05581335744034348,0.10908083874270792,0.10739771040866197,0.0,0.2913971522891366,0.5966633065414819
Stroop Int,0.8416504332024065,0.46119427620242454,0.954094407726252,0.9057148269525284,0.2913971522891366,0.0,0.035185670948835325
PRP Delay,0.04087050411305849,0.6491179838863733,0.3773163360488559,0.5939926709471216,0.5966633065414819,0.035185670948835325,0.0
