outcome,n,model0_r2,model1_r2,model2_r2,model3_r2,delta_r2_dass,p_dass,delta_r2_ucla,p_ucla_wald,delta_r2_interaction,p_interaction_wald
WCST Perseverative Error Rate,200,0.002354101514975504,0.02528675666022495,0.025387307154540295,0.026639850356082517,0.022932655145249448,0.21024202467364092,0.00010055049431534346,0.8783748895202311,0.0012525432015422222,0.5436336616681144
Stroop Interference Effect,200,0.011335750311650905,0.018007263527477835,0.02093503215685555,0.021651688007942704,0.00667151321582693,0.72511767858137,0.002927768629377714,0.4598055371997527,0.0007166558510871557,0.6954583629524308
PRP Delay Effect,200,0.11029062080253849,0.1129022963790125,0.12879436262507205,0.13829536776947182,0.002611675576474015,0.9028620209576643,0.015892066246059544,0.07522355917625854,0.009501005144399777,0.11901264470676182
