Variable,Column,Male_N,Male_Mean,Male_SD,Female_N,Female_Mean,Female_SD,t,p,Cohen_d,Significant
Age (years),age,76,21.144736842105264,2.1398065169132843,109,20.220183486238533,1.6961710592736108,3.1410083997881157,0.0020636686112096123,0.48902115967126286,True
UCLA Loneliness,ucla_score,76,37.71052631578947,11.128121482051597,109,41.65137614678899,10.599944223114075,-2.4161883808334372,0.01683557221907467,-0.36423487981216074,True
DASS-21 Depression,dass_depression,76,5.868421052631579,7.060391122807401,109,8.330275229357799,7.762749424479132,-2.2392005118265006,0.026435525657675808,-0.32899845657261334,True
DASS-21 Anxiety,dass_anxiety,76,4.578947368421052,5.8040518212589784,109,6.0,5.312459150169742,-1.6958565788380924,0.09195817915558016,-0.25747301764541214,False
DASS-21 Stress,dass_stress,76,8.842105263157896,7.534901249658503,109,10.752293577981652,7.122156304907415,-1.7348123466399639,0.08475405134825269,-0.26187988508478005,False
WCST Perseverative Error Rate,pe_rate,76,9.389523845560761,3.8560898306224907,109,10.401824410768755,4.673672733688846,-1.608556019857859,0.10948772784657299,-0.23232874963104855,False
Stroop Interference Effect,stroop_interference,76,127.64871093132338,97.906246484144,109,141.33012531454096,102.65347710226692,-0.9165797414360466,0.36069080756845406,-0.13581596470060248,False
PRP Delay Effect,prp_bottleneck,76,531.6248919869066,134.32286327822965,109,625.7279738345026,144.81411617145662,-4.539116068794961,1.0694737801841989e-05,-0.6692530447086517,True
