Variable,Column,Male_N,Male_Mean,Male_SD,Female_N,Female_Mean,Female_SD,t,p,Cohen_d,Significant
Age (years),age,79,21.126582278481013,2.132574516133354,121,19.90909090909091,4.026992260567018,2.7815021448921784,0.0059532003131184865,0.35716201495958394,True
UCLA Loneliness,ucla_score,79,37.74683544303797,10.980715443542875,121,42.247933884297524,10.538248582928393,-2.879122633068833,0.004526923546903931,-0.4200849004444928,True
DASS-21 Depression,dass_depression,79,5.746835443037975,6.989861438834988,121,8.446280991735538,7.574024044085528,-2.582574125637419,0.010618841857892879,-0.3672992748582884,True
DASS-21 Anxiety,dass_anxiety,79,4.481012658227848,5.739786379241382,121,6.082644628099174,5.473552741531323,-1.9645957187232141,0.05118036988951943,-0.28703342922399333,False
DASS-21 Stress,dass_stress,79,8.632911392405063,7.521213103172258,121,10.793388429752065,7.162305675516207,-2.0234593813827075,0.04467972334402075,-0.295720860484063,True
WCST Perseverative Error Rate,pe_rate,79,10.323270076862553,6.3961297947381,121,10.804231392837726,5.723403927188064,-0.5416120960004279,0.5888705818235438,-0.08019454417378653,False
Stroop Interference Effect,stroop_interference,79,127.35877483358458,96.08563131392809,121,144.35059193617863,107.36065262755876,-1.1666583589626407,0.2448962203622782,-0.16486293679872815,False
PRP Delay Effect,prp_bottleneck,79,526.0386758064643,135.17337731312375,121,626.9569868547345,144.52510888725504,-5.021413314976901,1.2582556704125682e-06,-0.7161634171095309,True
