Group,Variable,Column,N,Mean,SD,Min,Max,Median,Skewness,Kurtosis
Total,Age (years),age,185,20.6,1.939856561259329,18.0,29.0,20.0,1.281591865354793,2.395946783448319
Total,UCLA Loneliness,ucla_score,185,40.03243243243243,10.963825252155928,20.0,70.0,38.0,0.3902422976829778,-0.46178795006049267
Total,DASS-21 Depression,dass_depression,185,7.318918918918919,7.560690596974111,0.0,38.0,4.0,1.5726443815145634,2.6237529154589794
Total,DASS-21 Anxiety,dass_anxiety,185,5.416216216216216,5.548673632809129,0.0,26.0,4.0,1.1996379483439603,0.8575883352533054
Total,DASS-21 Stress,dass_stress,185,9.967567567567567,7.335072613598894,0.0,30.0,8.0,0.6678227057326043,-0.2337445463925416
Total,WCST Perseverative Error Rate,pe_rate,185,9.985960394791418,4.373935477708621,0.0,25.833333333333336,9.722222222222223,0.7084135868204886,1.6581058023139867
Total,Stroop Interference Effect,stroop_interference,185,135.70965237873267,100.6873031710467,-94.169444443658,408.75490196075066,120.0690476199818,0.5928378007951873,0.07679869549469354
Total,PRP Delay Effect,prp_bottleneck,185,587.0694104808955,147.7109623414985,269.69384058058745,981.2900000000024,590.5944444444254,0.21166734037318807,-0.306198506450289
