Group,Variable,Column,N,Mean,SD,Min,Max,Median,Skewness,Kurtosis
Total,Age (years),age,200,20.39,3.4521714090099773,-20.0,29.0,20.0,-7.799886819182164,92.19845163940381
Total,UCLA Loneliness,ucla_score,200,40.47,10.913045993869979,20.0,70.0,39.5,0.34849626381654775,-0.47056118322770457
Total,DASS-21 Depression,dass_depression,200,7.38,7.449366773534055,0.0,38.0,4.0,1.5276433780407985,2.544136626639311
Total,DASS-21 Anxiety,dass_anxiety,200,5.45,5.620985446248253,0.0,26.0,4.0,1.1922695153458933,0.8196649953163728
Total,DASS-21 Stress,dass_stress,200,9.94,7.363934932387861,0.0,30.0,8.0,0.6451894920352446,-0.2922391446877848
Total,WCST Perseverative Error Rate,pe_rate,200,10.614251673027534,5.986985708742511,0.0,48.4375,9.876543209876544,2.170279115105534,9.091162869957621
Total,Stroop Interference Effect,stroop_interference,200,137.63882418065398,103.14374063417812,-94.169444443658,480.5887301595913,122.21507936554644,0.7327161550419516,0.4847350563742072
Total,PRP Delay Effect,prp_bottleneck,200,587.0942539906678,149.0079921525033,269.69384058058745,981.2900000000024,591.0112293144842,0.192100107334829,-0.39449061654243645
