Variable,Column,N,r,CI_Lower,CI_Upper,p,Significant
DASS-Dep,dass_depression,200,0.6563503993655726,0.5694648244606648,0.7287323747420148,5.06567815408354e-26,True
DASS-Anx,dass_anxiety,200,0.45856203561234227,0.34154869098379226,0.5615766479457428,8.585015148193384e-12,True
DASS-Str,dass_stress,200,0.5159780988889519,0.40632264612068963,0.6109822521206119,5.307261361317563e-15,True
WCST PE,pe_rate,200,-0.08030822920613813,-0.2166379276442281,0.059093739672469385,0.25829174351702383,False
Stroop Int,stroop_interference,200,0.014215166673232683,-0.12477445310691627,0.1526576176035614,0.8416504332024065,False
PRP Delay,prp_bottleneck,200,0.14473707834918742,0.006116371429150214,0.2779000074521722,0.04087050411305849,True
