Variable,Column,N,r,CI_Lower,CI_Upper,p,Significant
DASS-Dep,dass_depression,185,0.6737307302790028,0.5864637650549571,0.7455358925881208,7.912354028416136e-26,True
DASS-Anx,dass_anxiety,185,0.5004209017310919,0.38386320244962485,0.6012817775817338,4.0720090777539833e-13,True
DASS-Str,dass_stress,185,0.532405285671225,0.4204274199166182,0.6284080052319799,6.207097427725999e-15,True
WCST PE,pe_rate,185,-0.09706257022593182,-0.2380009769806864,0.04787911113049178,0.18872803893926218,False
Stroop Int,stroop_interference,185,0.012418061848790449,-0.13208980025487196,0.15640905838115304,0.8667677149262683,False
PRP Delay,prp_bottleneck,185,0.1432474011361288,-0.0010454181033102933,0.2816969322414231,0.05174931405271788,False
