outcome,outcome_variable,n,r2_baseline,r2_with_ucla,delta_r2,ucla_beta,ucla_p,ucla_significant
PRP Bottleneck Effect,prp_bottleneck,209,0.018340817094098183,0.03687454734348328,0.018533730249385094,29.112009801497305,0.04945682080442235,True
