path,coefficient,p_value
a: UCLA → Meta-Control,-0.11789602395115358,0.34640895807907957
b: Meta-Control → PE,-2.5014456210769462,2.6123095766106883e-13
c': UCLA → PE (direct),-0.28106667306935973,0.5640528876617886
Indirect (a×b),0.2949104928549959,
