path,coefficient,p_value
a: UCLA → Meta-Control,-0.12115725286061813,0.2768323306083802
b: Meta-Control → PE,-2.5349647393984194,2.2425697071468763e-13
c': UCLA → PE (direct),-0.5180878922894196,0.28185298304908096
Indirect (a×b),0.3071293639240452,
