,PC1,PC2,PC3
wcst_control,0.47033524381028424,0.8823713958156474,-0.014334513464605294
stroop_control,0.6254499728649864,-0.3218398135154015,0.7107963603449021
prp_control,0.6225729594779306,-0.3432781004997522,-0.7032517727273593
