,PC1,PC2,PC3
wcst_control,0.485633591011956,0.7100909287890148,-0.5098341770932846
stroop_control,0.4905768506776387,-0.7041095365430949,-0.5133849570529678
prp_control,0.7235291071270333,0.0007958647010973818,0.6902934142372612
