outcome_column,n,ucla_beta,ucla_se,ucla_t,ucla_p,r2,adj_r2,cov_type,outcome,outcome_type
log_rt_exploration,194,0.030388021014732154,0.02640257074890046,1.1509493262506518,0.2512226344911894,0.031802375253506376,0.0007372108231377128,nonrobust,exploration,phase_mean
log_rt_confirmation,197,0.05340233721898621,0.022182188210204522,2.4074422556030526,0.017021344864237023,0.11739333434846522,0.08952154490683772,nonrobust,confirmation,phase_mean
log_rt_exploitation,197,0.010489078392399827,0.021045468226588614,0.4984008091180428,0.6187780214542884,0.10803864370967853,0.07987144298472093,nonrobust,exploitation,phase_mean
exploration_minus_exploitation,194,0.019460400396354466,0.021060927866241745,0.924004892849344,0.3566745322803715,0.029317927714432312,-0.00182695161023827,nonrobust,exploration_minus_exploitation,phase_contrast
confirmation_minus_exploitation,197,0.04291325882658664,0.015624208703394324,2.746587660293083,0.006600981175152382,0.05442672805458948,0.02456651946683963,nonrobust,confirmation_minus_exploitation,phase_contrast
exploration_minus_confirmation,194,-0.02560492265102714,0.02108343427570173,-1.2144569198831303,0.22610466783851674,0.03580553343352033,0.004868812581120041,nonrobust,exploration_minus_confirmation,phase_contrast
