outcome_column,n,ucla_beta,ucla_se,ucla_t,ucla_p,r2,adj_r2,cov_type,phase,outcome
exploration_slope,185,-0.02095314055522355,0.015603715532634753,-1.342830206779957,0.18103678312610205,0.03364670535738168,0.001072998796394442,nonrobust,exploration,category_slope
confirmation_slope,192,-0.006051722574703076,0.006976185903064409,-0.8674829855157319,0.38680124925224824,0.037235314088458815,0.006010513464300815,nonrobust,confirmation,category_slope
exploitation_slope,192,-0.014000074520289337,0.0059224100697542895,-2.3639150878436515,0.019119665029605045,0.034924167226104585,0.003624410487491847,nonrobust,exploitation,category_slope
