term,beta,se,z,p
Intercept,1946.9790175288224,32.99786228934542,59.00318634148238,0.0
phase_code,-525.5071719459853,16.25084122346458,-32.337228868325035,2.0976891073814867e-229
z_ucla_score,91.34397068727718,34.87582009188933,2.6191203661048816,0.008815683551047034
phase_code:z_ucla_score,-51.26628880007623,16.45587346683548,-3.1153793752362215,0.001837084682590376
z_dass_depression,-2.0629278428866966,38.30145102721617,-0.0538603052250116,0.9570464625761246
z_dass_anxiety,-5.177934583410441,37.36582094667849,-0.13857408862498755,0.8897867200077587
z_dass_stress,-35.260900202577496,38.198090473220546,-0.9231063586096739,0.35595178129366445
z_age,8.449556904029686,24.11534852451373,0.35038087446426674,0.7260528777746502
gender_male,-171.75944567013758,49.69381236701289,-3.4563547751500896,0.0005475341566273864
Group Var,0.13887335917856214,0.017589429129320683,7.895273812330118,2.896785690790245e-15
participant_category Var,0.07595152971119833,0.007235410009074367,10.497197756028047,8.898248428287557e-26
