term,beta,se,z,p
Intercept,7.436997340569295,0.019969608944241612,372.41577245376203,0.0
z_ucla_score,0.04636181605575484,0.02127231982448445,2.179443353535535,0.029298748471302243
z_dass_depression,-0.01818632202370338,0.024931401011829772,-0.7294544745028207,0.46572370608019453
z_dass_anxiety,-0.010082010237566556,0.024233121907182572,-0.4160425667061205,0.6773788553976998
z_dass_stress,-0.01782601098353995,0.024750712684104493,-0.7202221289970469,0.4713882411122291
z_age,-0.005280663540144178,0.0155385868166717,-0.33984194331484735,0.7339755595570285
gender_male,-0.12801893354727314,0.03228211956497963,-3.9656297440317694,7.32024201783293e-05
Group Var,0.1471672589388093,0.022328132524846556,6.59111364441441,4.36539560461377e-11
participant_category Var,0.006371123601452956,0.019380228057538106,0.3287434793098244,0.7423495874708183
