outcome_column,n,ucla_beta,ucla_se,ucla_t,ucla_p,r2,adj_r2,cov_type,outcome,outcome_type,confirm_len,min_trials
rule_search_rt_mean,184,47.27709615013521,100.50519851289667,0.4703945353042478,0.638652277684733,0.01072299709583524,-0.022811816561932874,nonrobust,rule_search_rt_mean,phase_mean,3,0
rule_application_rt_mean,197,64.06869188310132,33.94276967562702,1.8875505003089526,0.060610819558645654,0.08913664235810703,0.06037253632731032,nonrobust,rule_application_rt_mean,phase_mean,3,0
rule_search_minus_application,184,-14.2155161439949,96.01833652675133,-0.1480500148014371,0.8824718197056638,0.023893416367790188,-0.009194942399403327,nonrobust,rule_search_minus_application,phase_contrast,3,0
