dv,n,beta_ucla,se_ucla,p_ucla,beta_gender,p_gender,beta_interaction,se_interaction,p_interaction,r2,r2_adj
μ (Gaussian mean),155,15.831104841011614,32.17881861624284,0.6234724212819881,-142.55089980004186,0.0013958943171571607,-32.5108245272271,43.13897052996067,0.45227679191762493,0.11377373815750547,0.07157248759357715
σ (Gaussian SD),155,16.57594226906653,17.00655644876718,0.33132044225099977,-88.3581778688137,0.0001960032144132904,-16.955090563248064,22.799014041154365,0.45825922007126096,0.12493390020968409,0.08326408593395473
τ (Exponential tail),155,-10.97000339473251,18.53660800109097,0.5548921834834032,12.700151903096765,0.6151520423349452,50.680597851414554,24.850203353359237,0.043196886923153974,0.04456282324383798,-0.0009341851731221595
Δμ bottleneck,153,32.91077337702121,31.027605408026915,0.2905928697026852,-147.7145227903334,0.0005734826517234742,26.809477294841354,41.37108247093117,0.517993881873787,0.13137160989956942,0.08943782554989332
Δσ bottleneck,153,19.75199193869387,14.506077019041015,0.17542481361286993,-35.336211332082726,0.07362219500835797,14.14852523273298,19.341876396596483,0.4656561415503314,0.10021060385620839,0.05677249507685289
Δτ bottleneck,153,-39.591654288540376,25.17457644560701,0.11797149852211532,61.759880017684246,0.07162070579430717,15.39476993019584,33.56686616984405,0.6471866151759615,0.08759987248509393,0.04355296977747769
μ at short SOA,154,41.35486312246526,36.70352012659633,0.2617062190535808,-151.1631350876207,0.0029380623962526943,8.060272189285781,49.27603261778303,0.8702928153506693,0.10303548722273725,0.0600303393498548
σ at short SOA,154,36.95626457044084,15.355953650934161,0.017349885449876017,-39.492677052041635,0.06087170481342053,-6.764247662601164,20.61601912761184,0.7433012897576607,0.10159811367430471,0.05852405063129196
τ at short SOA,154,-37.0352683878581,20.31246527476732,0.07030676738957163,4.640811142624958,0.8669615911214666,31.531919410473957,27.2703462222341,0.24945871761551938,0.05536152739284361,0.0100706417198978
