dv,n,beta_ucla,se_ucla,p_ucla,beta_gender,p_gender,beta_interaction,se_interaction,p_interaction,r2,r2_adj
μ (Gaussian mean),172,2.0485224318792703,30.35449767788547,0.9462765199497747,-159.91172524871422,0.00010528045142244448,20.287938161147643,40.07356014189795,0.6133488209208676,0.1278122337575469,0.09058470714963729
σ (Gaussian SD),172,1.9455056042337038,15.315734513845825,0.8990749607461188,-93.15860355044538,8.794423720194276e-06,11.681281706186216,20.21960681645837,0.5642451676891981,0.14138463492806685,0.10473641812621604
τ (Exponential tail),172,5.300899416139391,18.372062581834992,0.7733050824025157,7.438907436483568,0.7603616398878321,14.7466636345588,24.25452605464313,0.544030935880192,0.012686285668037978,-0.02945515335832627
Δμ bottleneck,165,12.896772479081255,30.0296961900329,0.6681719874328209,-133.8940684552242,0.0006300384911685973,53.47544267998557,38.616993555309115,0.16808920803186775,0.12073552468043613,0.08153264998465937
Δσ bottleneck,165,5.714772315512361,14.379210137176754,0.69158800941199,-31.496265796560788,0.08852952922949903,19.50437625120368,18.491091674183924,0.2931379953437374,0.07889275269798712,0.03782427670362987
Δτ bottleneck,165,-9.711929941585765,23.371284504967367,0.6783069443757117,42.13002659956132,0.1603843980173946,-12.041423710224304,30.054541257969067,0.689220757745574,0.05894501930733087,0.01698715392612904
μ at short SOA,171,32.45287479886963,34.57381768969078,0.3492968952852097,-164.75406790716428,0.00043282480530759784,56.975954819867326,45.691551298078444,0.21419761798376805,0.12565501614352348,0.08810645855459509
σ at short SOA,171,21.52624677875736,14.411817894329955,0.13719971053517485,-39.57722716122313,0.039983482242482875,12.58682588446368,19.04615575079211,0.5096356039926296,0.08344205215635359,0.04408066789312948
τ at short SOA,171,-20.595541224217516,19.3709366112877,0.28925541036863145,-2.8495983972155727,0.9118224445560569,-5.72642808025144,25.59995404066683,0.8232794167477842,0.02828819943934824,-0.013441755185955806
