n_trials,n_participants,re_formula,method,converged,fit_note,warning_count,boundary_warning,warning_msg,llf,aic,bic,trial_scaled_beta,trial_scaled_se,trial_scaled_z,trial_scaled_p,cond_beta,cond_se,cond_z,cond_p,interference_time_beta,interference_time_se,interference_time_z,interference_time_p,ucla_beta,ucla_se,ucla_z,ucla_p,interference_time_x_ucla_beta,interference_time_x_ucla_se,interference_time_x_ucla_z,interference_time_x_ucla_p
13950,197,1 + trial_scaled,lbfgs,True,,0,False,,-2754.036663173334,5542.073326346668,5670.3083177299095,-0.14300765162829318,0.013147511919642314,-10.877164630262893,1.4809810647548364e-27,0.13128581698649214,0.009622134738401166,13.644146601121786,2.1875941054311753e-42,0.007824086544815824,0.01659295633062732,0.4715305933984835,0.6372618777808727,0.012475549036932279,0.019569150100042832,0.6375110300219412,0.5237920276311621,0.05798335188144645,0.016713176429788413,3.4693196786997906,0.0005217781967110015
