n_trials,n_participants,re_formula,method,converged,fit_note,warning_count,boundary_warning,warning_msg,llf,aic,bic,trial_scaled_beta,trial_scaled_se,trial_scaled_z,trial_scaled_p,cond_beta,cond_se,cond_z,cond_p,interference_time_beta,interference_time_se,interference_time_z,interference_time_p,ucla_beta,ucla_se,ucla_z,ucla_p,interference_time_x_ucla_beta,interference_time_x_ucla_se,interference_time_x_ucla_z,interference_time_x_ucla_p
13950,197,1 + trial_scaled + cond_code,lbfgs,True,,1,True,The MLE may be on the boundary of the parameter space.,-2717.440183317587,5474.880366635174,5625.745062380164,-0.14402852371730962,0.013170449280068757,-10.935733523933187,7.777444190364456e-28,0.1314866912689113,0.010771061878459004,12.207402831086776,2.8380461838537016e-34,0.007957871365976515,0.016489657092919406,0.48259774725052307,0.6293813789664309,0.01027679654114469,0.019381530651356962,0.5302365806915863,0.5959479112959883,0.05775261616211773,0.0166133641894299,3.476274612631576,0.0005084313849580675
13950,197,1 + trial_scaled,lbfgs,True,,0,False,,-2754.036663173334,5542.073326346668,5670.3083177299095,-0.14300765162829318,0.013147511919642314,-10.877164630262893,1.4809810647548364e-27,0.13128581698649214,0.009622134738401166,13.644146601121786,2.1875941054311753e-42,0.007824086544815824,0.01659295633062732,0.4715305933984835,0.6372618777808727,0.012475549036932279,0.019569150100042832,0.6375110300219412,0.5237920276311621,0.05798335188144645,0.016713176429788413,3.4693196786997906,0.0005217781967110015
13950,197,1,lbfgs,True,,2,True,The MLE may be on the boundary of the parameter space. | The Hessian matrix at the estimated parameter values is not positive definite.,inf,-inf,-inf,-0.1431420772031951,0.008271223101339532,-17.30603508688009,4.235993467346394e-67,0.13105109772062046,0.009628305950892788,13.611023412531743,3.4438723718054305e-42,0.008375578292227138,0.01661165533669183,0.5041988966462094,0.6141216157005392,-0.0009944982937818297,,,,0.057925264299556176,0.01672287064504212,3.463834979596009,0.0005325330893480101
