gender,mean,se,ci_lower,ci_upper,significant
Female,0.005272288742878439,0.025098643363372843,-0.03987384077893885,0.058940543306383465,False
Male,0.021147024022368625,0.05349264059258149,-0.09334020772734072,0.12221619075833333,False
