path,female_beta,female_se,male_beta,male_se
DASS Stress -> Loneliness,0.42206911815177317,0.09022363718483521,0.6025686441106329,0.11435159170650538
Loneliness -> EF,0.005884788512696533,0.05903163005880265,0.043595647203249634,0.08653577922754473
DASS Stress -> EF (direct),-0.12573955890836938,0.068316292703094,0.02296464311196858,0.09351647001437154
