gender,z,p
Female,0.16808740044700152,0.8665145213120493
Male,-0.03748154327444135,0.9701010561388226
