gender,z,p
Female,0.09966610742257535,0.9206094088848464
Male,0.5015007877753069,0.6160187235618824
