model,term,beta,se,t,p
DASS Stress predicting loneliness,Intercept,0.11154889191167186,0.08317096360477871,1.341199946194475,0.179855543852662
DASS Stress predicting loneliness,C(gender_male)[T.1],-0.25036383340878166,0.1288377505990996,-1.943249026349668,0.05198607710005956
DASS Stress predicting loneliness,z_dass_str,0.42206911815177317,0.09022363718483521,4.678032623392338,2.8964047272801373e-06
DASS Stress predicting loneliness,z_dass_str:C(gender_male)[T.1],0.18049952595885976,0.14582471655223303,1.2377841714796445,0.21579609906062414
DASS Stress predicting loneliness,z_age,-0.017635645932636307,0.0404000624548552,-0.4365252145920108,0.6624557091266301
