Variable,r,p,N,Sig
wcst_duration,0.13813509626826323,0.22779001472594584,78,
wcst_cv,0.06429088406552985,0.5760159961580986,78,
