node,label,community,strength,strength_z,betweenness,closeness,eigenvector,bridge_strength,bridge_ratio,degree
z_ucla,UCLA Loneliness,Affect,0.8702785012366667,0.3953852990073773,0.2,0.13587778843080195,0.4149208388431914,0.2625333937618679,0.3016659533572387,6
z_dass_dep,DASS Depression,Affect,1.1814674912139795,1.4097165398825406,0.3333333333333333,0.14946542828371992,0.5562341404547081,0.16459204524730223,0.13931153118583134,5
z_dass_anx,DASS Anxiety,Affect,0.6712060598707809,-0.2534981865215566,0.0,0.1107235383523251,0.404397575860041,0.0,0.0,3
z_dass_str,DASS Stress,Affect,1.0844620230882198,1.0935238723243101,0.06666666666666667,0.12779401988546177,0.5252504800095587,0.15008863692566082,0.13839916357628992,5
pe_rate,WCST PE Rate,Executive,0.3499614377036304,-1.3006061071810717,0.0,0.08796680199388904,0.11142284767609342,0.13914846607662984,0.39761085389776457,4
stroop_interference,Stroop Interference,Executive,0.536338760149581,-0.6931027994278827,0.06666666666666667,0.11055215637441423,0.20029526047046828,0.26115998277868735,0.48693102602886973,5
prp_bottleneck,PRP Bottleneck (ms),Executive,0.5491271450161752,-0.6514186180837184,0.06666666666666667,0.0995237506181939,0.16274387860482636,0.17690562707951374,0.3221578621364689,4
