outcome,outcome_column,n,ucla_beta,ucla_p,dass_total_beta,dass_total_p,r2,adj_r2
Stroop Interference RT,stroop_interference,212,2.1810116544305997,0.8194612607498226,-2.7180475017641443,0.7742650447482362,0.011517545401433238,-0.0075835648323556715
WCST Perseverative Error Rate (%),wcst_perseverative_error_rate,212,-0.20304602621484757,0.7140312008237004,-0.8690259936340632,0.11480428828234662,0.02896099546040376,0.010196956725339046
Stroop Interference RT Slope,stroop_interference_slope,212,19.75427166604282,0.0005113996482679161,-3.158961376203429,0.5697956679595311,0.0850325740245933,0.06735204405405393
"WCST Confirmation RT (ms, all trials)",wcst_confirmation_rt_all,212,137.95742312733393,0.006974684170990375,-106.07316151770621,0.035806608333620114,0.05504575598261929,0.03678577059097898
"WCST Exploitation RT (ms, all trials)",wcst_exploitation_rt_all,212,44.70726149097369,0.21260920854093954,-37.43544411041223,0.2923577738009134,0.0652319554531815,0.047168804833919276
"WCST Confirmation - Exploitation RT (ms, all trials)",wcst_confirmation_minus_exploitation_rt_all,212,93.25016163636029,0.01733701327039627,-68.63771740729395,0.07648135047969516,0.03320152819855893,0.014519432125101095
