segment,cond,count,prop
1.0,congruent,2526,0.3309748427672956
1.0,incongruent,2575,0.337395178197065
1.0,neutral,2531,0.3316299790356394
2.0,congruent,2512,0.32914046121593293
2.0,incongruent,2531,0.3316299790356394
2.0,neutral,2589,0.33922955974842767
3.0,congruent,2594,0.3398846960167715
3.0,incongruent,2526,0.3309748427672956
3.0,neutral,2512,0.32914046121593293
