outcome_column,n,ucla_beta,ucla_se,ucla_t,ucla_p,r2,adj_r2,cov_type,outcome,outcome_type,confirm_len,include_errors,use_log,merge_pre
rt_ms_pre_exploitation,212,122.57286375788954,47.208931023060266,2.596391426402264,0.010102879747589985,0.060487336117156065,0.03298940449131671,OLS,pre_exploitation,phase_mean,3,True,False,True
rt_ms_exploitation,212,27.14788712573008,36.506720329742855,0.7436408113497963,0.4579452518127286,0.07096365889650746,0.04377235135201496,OLS,exploitation,phase_mean,3,True,False,True
pre_exploitation_minus_exploitation,212,95.42497663215954,38.06728905943009,2.5067447404301233,0.012961576234058757,0.04519974492759249,0.017254371608400043,OLS,pre_exploitation_minus_exploitation,phase_contrast,3,True,False,True
