outcome,n,ucla_beta,ucla_p,r2,adj_r2
exploration,191,60.647570567561075,0.43046948073027524,0.034433415947586865,0.002947549076312561
confirmation,193,99.72852510013234,0.03326452633521492,0.04039753782239974,0.009442619687638487
exploitation,193,2.5340131553187706,0.9260403514416833,0.07595853132772423,0.04615074201571534
confirmation_minus_exploitation,193,97.19451194481357,0.00853756716413869,0.04315125482051263,0.01228516626633569
pre_exploitation,193,97.8555845099892,0.029989098006730285,0.049575577539488824,0.01891672520205301
pre_exploitation_minus_exploitation,193,95.32157135467043,0.006316413024855251,0.04929960593324412,0.01863185128592948
