task,parameter,coefficient,std_error,z_value,p_value
wcst,z_ucla,-0.0016641011036440132,0.00762207658373001,-0.2183264738111111,0.8271747488332084
wcst,gender_male,-0.003689440315145259,0.011087784391639394,-0.33274820151871237,0.739324361276172
wcst,z_ucla:gender_male,0.008595401874528204,0.010865820521330628,0.7910494985311621,0.42891510737921545
wcst,epoch_num,0.010778900729482555,0.003964274526667405,2.7190096591377872,0.006547769599517925
wcst,z_ucla:epoch_num,-0.0020456571050361068,0.003916936406673939,-0.5222594631739691,0.6014896892122441
wcst,gender_male:epoch_num,-0.005950590160638522,0.006498118719557121,-0.9157404500366044,0.3598030437505637
wcst,z_ucla:gender_male:epoch_num,0.001542853331396556,0.006373511360754504,0.2420727357445098,0.8087238037315663
wcst,z_dass_depression,-0.00810784494279533,0.006530799286388064,-1.2414782000258764,0.2144291465413264
wcst,z_dass_anxiety,-0.0008263622582329804,0.006489206598958448,-0.1273441129714711,0.8986680473836202
wcst,z_dass_stress,0.00046812500155454556,0.006591178994287122,0.07102295385397529,0.943379487085081
wcst,z_age,-0.0025846519730654987,0.00434017538576127,-0.5955178635280308,0.551497361972179
stroop,z_ucla,6.5231070266571685,22.84834169212147,0.28549586287509243,0.7752642735262203
stroop,gender_male,-60.651424580489376,31.132049054073132,-1.9481989275792337,0.05139116509980255
stroop,z_ucla:gender_male,20.146413576336673,30.644192058292514,0.6574300780393695,0.510904416822942
stroop,epoch_num,13.582108373610177,3.9935866385491936,3.4009800219444695,0.0006714473474422897
stroop,z_ucla:epoch_num,3.630590769122589,4.00125963308716,0.9073619564950395,0.364215420478032
stroop,gender_male:epoch_num,6.823214983262398,6.57360668440489,1.0379712859075787,0.2992834234311168
stroop,z_ucla:gender_male:epoch_num,-6.862158302256413,6.474446262837079,-1.0598834284322936,0.2891976355876896
stroop,z_dass_depression,-2.406235278477069,22.44248056059189,-0.10721788404719947,0.9146161277949086
stroop,z_dass_anxiety,-37.726594420946086,21.69636955910446,-1.7388436493106678,0.0820622684123747
stroop,z_dass_stress,-4.129054655026003,22.231155319365,-0.185732796865905,0.8526543076157862
stroop,z_age,11.971433535293015,14.949541448489565,0.8007893470540232,0.4232536072345854
