task,parameter,coefficient,std_error,z_value,p_value
wcst,z_ucla,-0.0038508633500845954,0.00760557000016553,-0.5063214657153617,0.6126309962647223
wcst,gender_male,-0.00034605299002583325,0.010647836910140714,-0.03249983944591241,0.9740734440668813
wcst,z_ucla:gender_male,0.008547474889942638,0.010664264283288427,0.8015062889370689,0.42283860474959756
wcst,epoch_num,0.01272977305755626,0.003826903997332945,3.3263894433797985,0.0008797891294984498
wcst,z_ucla:epoch_num,-0.00033828448814411167,0.0038574127059895357,-0.08769725044427988,0.9301173050328568
wcst,gender_male:epoch_num,-0.009254655874766437,0.006153356606490566,-1.5040012251207118,0.13258105128961767
wcst,z_ucla:gender_male:epoch_num,-0.003770662033960327,0.006182937719010104,-0.6098495901660181,0.5419614480266917
wcst,z_dass_depression,-0.006088372355280445,0.006590484575146873,-0.9238125491166577,0.35558392034721764
wcst,z_dass_anxiety,-0.00011384026135190374,0.006537667787443071,-0.01741297738783198,0.9861071562671703
wcst,z_dass_stress,-0.0018167316917826516,0.00669534369290503,-0.27134255911430194,0.7861275763698492
wcst,z_age,-0.0023247220537670216,0.004381752208151696,-0.5305462160644708,0.5957332746638089
stroop,z_ucla,7.189343385528672,22.01258310604167,0.3266015329003098,0.7439692839835909
stroop,gender_male,-77.21297435206847,29.386087006449912,-2.6275350758718266,0.00860059744295702
stroop,z_ucla:gender_male,22.383335354347867,29.389651905407447,0.761606004262661,0.44629519019245634
stroop,epoch_num,15.604121411843336,3.8609204012367107,4.041554808238238,5.3097967005867264e-05
stroop,z_ucla:epoch_num,2.042047921917164,3.891700294265054,0.5247187006991256,0.5997787552336156
stroop,gender_male:epoch_num,3.5536133157162717,6.208052272709579,0.572420005440008,0.5670374658593914
stroop,z_ucla:gender_male:epoch_num,-5.67823079871104,6.237896324428035,-0.9102797647461203,0.36267498732857184
stroop,z_dass_depression,-6.0161445419753585,21.78387280585106,-0.27617424117347245,0.7824142406958563
stroop,z_dass_anxiety,-30.866141326111094,21.609294719485117,-1.4283733794550486,0.15318441715686457
stroop,z_dass_stress,-6.897556514001742,22.130469123273787,-0.31167692268881186,0.7552860679527684
stroop,z_age,10.633665875325317,14.48323437840776,0.7342051918443336,0.4628236897033505
