model,path,exogenous,mediator,endogenous,a_coef,a_se,a_p,b_coef,b_se,b_p,indirect
Model1_CLA,C → L → A,ef_composite,z_ucla,z_dass_anx,-0.05685673340346653,0.1138038053105663,0.617354577863517,0.47665644832638604,0.06365261068905821,6.972200594645983e-14,-0.02710112860753655
Model2_CAL,C → A → L,ef_composite,z_dass_anx,z_ucla,-0.08600370993606204,0.11491581394940022,0.4542151719102123,0.46669569738632455,0.0623270269465503,6.994405055138486e-14,-0.04013756138642165
Model3_LAC,L → A → C,z_ucla,z_dass_anx,ef_composite,0.4767184358026218,0.06365350300346384,6.927791673660977e-14,-0.033057527960662865,0.044273232861140835,0.4552623304005943,-0.015759133020908634
Model4_LCA,L → C → A,z_ucla,ef_composite,z_dass_anx,-0.02237626855627083,0.04477864212555108,0.6172803391459292,-0.08575609396154431,0.11490228390813996,0.455462456701752,0.0019189013888203106
