gender,z,p
Female,-1.4091932406600713,0.15877803590632888
Male,-1.00925049942968,0.31285451332568304
