model,term,beta,se,t,p
PRP Bottleneck Effect outcome,Intercept,631.8529146640758,13.708515286796391,46.092002047271784,0.0
PRP Bottleneck Effect outcome,C(gender_male)[T.1],-102.31170698940893,19.991567586504342,-5.11774309576785,3.092133863823546e-07
PRP Bottleneck Effect outcome,z_ucla,22.09627335398577,19.702908989624277,1.1214726396808643,0.26208673139227545
PRP Bottleneck Effect outcome,z_ucla:C(gender_male)[T.1],22.143960174479254,29.02675511822595,0.7628810069980927,0.4455343642260362
PRP Bottleneck Effect outcome,z_dass_dep,-29.551178527073322,20.482221112946682,-1.442772166364038,0.14908466230781978
PRP Bottleneck Effect outcome,z_dass_dep:C(gender_male)[T.1],10.483069337903983,27.71608886204312,0.37823047075954613,0.7052593914737306
PRP Bottleneck Effect outcome,z_age,27.75749703497107,9.128539833073463,3.0407378992205674,0.002359991705496841
