gender,mean,se,ci_lower,ci_upper,significant
Female,0.012407474429867484,0.017677698862603775,-0.020992118436709287,0.05116861389017457,False
Male,-0.007086134138533103,0.012552923932807627,-0.03985030988679158,0.009163641071981655,False
