path,female_beta,female_se,male_beta,male_se
UCLA -> EF,-0.047759812372940844,0.05064137292167801,0.05753173443810762,0.059553134889014814
EF -> DASS Depression,-0.256794408660829,0.1275748950350333,-0.131002056449621,0.10335756533321909
UCLA -> DASS Depression (direct),0.6343536694254766,0.09593169948741598,0.6570809239413596,0.0936653296185174
