gender,z,p
Female,0.7631018973231596,0.4454026286133095
Male,-0.5957227134252372,0.5513604820057401
