gender,z,p
Female,0.8540095401519936,0.3930997034157726
Male,-0.7683244379306226,0.4422944595115039
