model,term,beta,se,t,p
DASS Depression outcome,Intercept,0.08912883070380519,0.07589332932028234,1.1743961096721276,0.2402364027974473
DASS Depression outcome,C(gender_male)[T.1],-0.18241135808588718,0.12222842181244123,-1.4923808667496035,0.13559932798091584
DASS Depression outcome,ef_composite,-0.2958454198844505,0.1214501084427594,-2.4359419985523134,0.014853065952486168
DASS Depression outcome,ef_composite:C(gender_male)[T.1],0.19084805568984853,0.16232481529383622,1.1757170666997543,0.23970795635777598
DASS Depression outcome,z_ucla,0.669988077161957,0.09920105541786695,6.753840212079906,1.43982318086331e-11
DASS Depression outcome,z_ucla:C(gender_male)[T.1],-0.01463619617455619,0.13587394083473364,-0.1077189348055968,0.9142186491068849
DASS Depression outcome,z_age,0.06948814474872658,0.058049428244218534,1.1970513207534872,0.23128655202144743
