model,term,beta,se,t,p
DASS Depression outcome,Intercept,0.07764929135544531,0.07064811218370472,1.099099310021697,0.27172475085311787
DASS Depression outcome,C(gender_male)[T.1],-0.16751121323411147,0.1193127837779963,-1.4039670178662276,0.1603286712233286
DASS Depression outcome,ef_composite,-0.256794408660829,0.1275748950350333,-2.01289139677764,0.04412605584639383
DASS Depression outcome,ef_composite:C(gender_male)[T.1],0.12579235221120796,0.16434534857783234,0.7654147397523329,0.44402461862241627
DASS Depression outcome,z_ucla,0.6343536694254766,0.09593169948741598,6.612555316073485,3.7774189089344434e-11
DASS Depression outcome,z_ucla:C(gender_male)[T.1],0.022727254515883047,0.13404632148866405,0.16954776724555648,0.8653658033455479
DASS Depression outcome,z_age,0.04791164693612272,0.046927260631671956,1.0209768542037245,0.307265404861532
