gender,outcome,beta_ucla,se_ucla,p_ucla,r_squared,n
female,facilitation,7.952322706700821,9.123286952392569,0.3833987685938859,0.013115969963809149,116
female,interference,-4.361755753629289,12.909878703412213,0.7354672832982445,0.01980577567485431,116
female,total_stroop,3.5905669530715283,13.633627370059822,0.792272278608438,0.010661111799989742,116
female,stroop_interference,3.590566953071514,13.63362737005982,0.7922722786084389,0.010661111799989742,116
male,facilitation,-9.783265088270767,11.908503442181756,0.41134098857000256,0.03728270573854797,77
male,interference,23.663093540743457,19.083863644228906,0.21499278722087012,0.10035446221026156,77
male,total_stroop,13.879828452472701,18.305661400255286,0.4483156977385431,0.08337445762572493,77
male,stroop_interference,13.879828452472704,18.305661400255282,0.44831569773854285,0.08337445762572548,77
