indicator,n,r,p,beta,beta_p
PE Rate (%),27,0.24054048033831474,0.22682216961576263,0.07658842960181479,0.2268221696157617
Mean RT (ms),27,0.42700522553597997,0.026324480562488182,20.497060803193808,0.026324480562488095
RT Variability (CV),27,0.34123480096602454,0.08152141534918543,0.007350304395774654,0.08152141534918513
Post-Error Slowing (ms),27,0.42576817261962085,0.026810673991332593,26.213766292679985,0.02681067399133262
Learning Improvement (%),27,-0.23468618615191847,0.23867412002236243,-0.18580870931183638,0.23867412002236293
Max Error Run,27,0.13631816801163904,0.4977790519992899,0.03400539950600267,0.49777905199928907
Fatigue Slope (ms/trial),27,-0.0062950363158213955,0.9751400329686122,-0.0049544794888023574,0.9751400329686101
