gender,mean,se,ci_lower,ci_upper,significant
Female,8.536469316261881,6.955692405119416,-4.016772602944226,23.759151481275516,False
Male,7.117927541772581,12.608978790946225,-19.574700734224255,31.197140547622794,False
