gender,z,p
Female,1.1706237581977283,0.24175004323828553
Male,0.6294859041632841,0.5290309940949471
