model,term,beta,se,t,p
PRP Bottleneck Effect outcome,Intercept,633.2685503681273,13.673801799218387,46.31254421168558,0.0
PRP Bottleneck Effect outcome,C(gender_male)[T.1],-103.3417009115505,20.101693512467644,-5.140945007815139,2.733600606080719e-07
PRP Bottleneck Effect outcome,z_ucla,18.424201719047925,15.211006459710637,1.2112414630713668,0.2258028760350933
PRP Bottleneck Effect outcome,z_ucla:C(gender_male)[T.1],-5.533948814448035,25.513330896607805,-0.21690420732887591,0.8282829986864978
PRP Bottleneck Effect outcome,z_dass_str,-36.52003153880568,18.147397505409224,-2.01241150572252,0.04417657663232329
PRP Bottleneck Effect outcome,z_dass_str:C(gender_male)[T.1],67.05546464558523,26.88886015567787,2.4938009367952234,0.012638340022322147
PRP Bottleneck Effect outcome,z_age,32.452748662744895,9.729416012194207,3.335528938434821,0.0008513729229796245
