component,n,r_squared,3way_coef,3way_pvalue,ucla_gender_coef,ucla_gender_pvalue
Depression,80,0.11237278850135402,0.8690216652551239,0.5136874138818383,2.4043703881406695,0.25776684406275063
Anxiety,80,0.12652566006443522,1.3157152264371237,0.383963828743103,3.6966597779925277,0.03977387069635179
Stress,80,0.12184007883960868,0.7191799754697354,0.5720696824646727,3.310688993040446,0.06892612988247496
