outcome,outcome_column,n,ucla_beta,ucla_p,dass_total_beta,dass_total_p,r2,adj_r2
Stroop Interference RT,stroop_interference,212,2.181011654430565,0.8194612607498254,-2.718047501764156,0.7742650447482351,0.011517545401433793,-0.007583564832355005
WCST Perseverative Error Rate (%),wcst_perseverative_error_rate,212,-0.20304602621484913,0.7140312008236984,-0.8690259936340632,0.11480428828234644,0.02896099546040365,0.010196956725338935
Stroop Interference RT Slope,stroop_interference_slope,212,19.754271666042825,0.0005113996482679139,-3.158961376203433,0.5697956679595306,0.08503257402459341,0.06735204405405404
"WCST Confirmation RT (ms, all trials)",wcst_confirmation_rt_all,212,137.9574231273336,0.006974684170990498,-106.07316151770635,0.035806608333619816,0.05504575598261918,0.03678577059097887
"WCST Exploitation RT (ms, all trials)",wcst_exploitation_rt_all,212,44.707261490973366,0.21260920854094276,-37.43544411041232,0.292357773800912,0.0652319554531815,0.047168804833919276
"WCST Confirmation - Exploitation RT (ms, all trials)",wcst_confirmation_minus_exploitation_rt_all,212,93.25016163636022,0.017337013270396318,-68.637717407294,0.07648135047969477,0.03320152819855915,0.014519432125101317
