n,mean,sd,t,p
212,139.4661616695092,104.26386222396148,19.476143720999644,4.968813605143384e-49
