outcome_column,n,ucla_beta,ucla_se,ucla_t,ucla_p,r2,adj_r2,cov_type,outcome,outcome_type,confirm_len,include_errors,use_log,merge_pre
rt_ms_pre_exploitation,212,118.72774613558344,45.893400588544736,2.5870330943664825,0.010372300279865795,0.06887878188681251,0.0416264535517924,OLS,pre_exploitation,phase_mean,4,True,False,True
rt_ms_exploitation,212,22.23051033863117,32.9310372480288,0.6750625609268306,0.5003966892940318,0.08082430141430041,0.05392159804106045,OLS,exploitation,phase_mean,4,True,False,True
pre_exploitation_minus_exploitation,212,96.49723579695225,32.85256223484282,2.937281881003761,0.0036897970098410337,0.06023866840493253,0.032733458699711004,OLS,pre_exploitation_minus_exploitation,phase_contrast,4,True,False,True
