n,mean_categories,sd_categories,n_complete6,pct_complete6
212,5.773584905660377,0.8293550154017452,193,91.0377358490566
