gender,z,p
Female,-1.3760334062951571,0.16881129097024683
Male,-1.375188948966863,0.16907287349707145
