outcome,outcome_var,n,ucla_main_beta,ucla_main_p,ucla_interaction_beta,ucla_interaction_p,ucla_model_r2,ucla_resid_main_beta,ucla_resid_main_p,ucla_resid_interaction_beta,ucla_resid_interaction_p,ucla_resid_model_r2,interaction_beta_change,interaction_p_change,interpretation
PRP Bottleneck Effect,prp_bottleneck,76,-0.16684794328437888,0.3295076385269847,0.4744566227947201,0.03601259990549118,0.2660452538218431,-0.18322127562163812,0.17794561016440422,0.41306971442951346,0.07523523855958475,0.2525323145338081,-0.06138690836520666,0.03922263865409357,ELIMINATED: Interaction disappears when DASS removed
Stroop Interference,stroop_interference,76,0.0709974839609446,0.7026141370467394,0.21462395746593158,0.37780170328990903,0.1279346567634112,-0.01888379132312284,0.8967042232219747,0.2743536643100879,0.26894287212005163,0.13365552096351418,0.05972970684415632,-0.1088588311698574,NOT SIGNIFICANT: No interaction in original model
