outcome,outcome_var,n,ucla_main_beta,ucla_main_p,ucla_interaction_beta,ucla_interaction_p,ucla_model_r2,ucla_resid_main_beta,ucla_resid_main_p,ucla_resid_interaction_beta,ucla_resid_interaction_p,ucla_resid_model_r2,interaction_beta_change,interaction_p_change,interpretation
WCST Perseverative Error Rate,pe_rate,150,-0.07273404513576627,0.5649095308019819,0.19234581901759557,0.26160557353129915,0.04273507859314429,-0.03738269594134439,0.7031450628723552,0.10686529191748012,0.5464798407518121,0.036650411897598434,-0.08548052710011544,0.28487426722051296,NOT SIGNIFICANT: No interaction in original model
PRP Bottleneck Effect,prp_bottleneck,154,0.0032199236174863394,0.9790615391355129,0.243414415522414,0.1376660659174319,0.10113977460576506,0.04257761267714328,0.6566185551958023,0.07279868567106054,0.670751967408048,0.08855424554030966,-0.17061572985135345,0.5330859014906161,NOT SIGNIFICANT: No interaction in original model
Stroop Interference,stroop_interference,158,0.07060792627029192,0.5753258523899749,0.09340796168626304,0.580057189915286,0.0322222567651711,0.01902748458387602,0.8450382800452712,0.179896122919104,0.3052328207428383,0.03703324431796573,0.08648816123284096,-0.2748243691724477,NOT SIGNIFICANT: No interaction in original model
