model,r2_full,r2_reduced,delta_r2,three_way_beta,f_statistic,p_value,significant
UCLA × Gender × Age,0.10243168291700311,0.07583381954535384,0.026597863371649266,-23.13109243884753,1.9261610356031933,0.16991827360003453,False
UCLA × Gender × DASS,0.06364694851699493,0.06364694851699493,0.0,0.0,0.0,1.0,False
UCLA × Gender × Education,0.06364694851699493,0.06364694851699493,0.0,0.0,0.0,1.0,False
