participant_id,case_type,age,ucla_total,pe_rate,wcst_accuracy,dass_depression,dass_anxiety,dass_stress
2h5FgHUEvBS1twD5DqbTIRrMm1f2,Extreme_Vulnerable,23,65.0,13.131313131313131,77.77777777777779,28.0,6.0,16.0
iZScIvzhvAdvlsBXU5D8IHwvG6Q2,Extreme_Vulnerable,19,54.0,15.873015873015872,66.66666666666666,4.0,0.0,10.0
WbOfW9KmUkPQK8o5hlHJnJFdpp92,Extreme_Resilient,19,22.0,6.122448979591836,82.6530612244898,0.0,0.0,2.0
iKVZi0Oo96UrMBhPQMHWFcf55uA3,Extreme_Resilient,19,33.0,5.88235294117647,88.23529411764706,2.0,2.0,10.0
iWsc4pghIEWOQUZKuQJMfe516UI3,Extreme_Resilient,23,27.0,7.5,86.25,2.0,2.0,4.0
pcbRW89vVJcviD87V3uxyG4I9st2,Extreme_Resilient,18,33.0,2.8169014084507045,94.3661971830986,4.0,8.0,8.0
5zxa5CMLGQSSonWOXqXf0QNS3PH3,Discrepant_Resilient,19,54.0,8.045977011494253,85.0574712643678,18.0,18.0,20.0
DPvStUYSmohmXwFwaKRqHv89R3k1,Discrepant_Resilient,21,52.0,4.761904761904762,95.23809523809524,8.0,6.0,8.0
