Outcome,Total Effects,DASS-Controlled,Not Controlled,Significant (p<.05),Largest Effect,Mean |Effect|
PRP,44,44,0,0,,
PRP Bottleneck,7,5,2,0,38.1397423722142,14.62866441932239
PRP Bottleneck (ms),6,2,4,0,21.391215139939565,4.389280469874715
Stroop Interference,7,5,2,0,33.129642657728866,7.865479861921919
Stroop Interference (ms),6,2,4,0,33.129642657728866,5.936898552404031
WCST Accuracy,7,5,2,0,1.47785331042903,0.7970937410365628
WCST Accuracy (%),6,2,4,0,1.47785331042903,0.5650351829238071
WCST PE Rate,7,5,2,0,0.9856481476453356,0.42990211494755076
WCST PE Rate (%),6,2,4,0,0.5491502264720556,0.2401960351547422
