Model,Beta,p,N
Baseline (no order controls),0.20120438326753481,0.03280685342934379,78
