cluster,n,pct,mean_ucla,mean_dass_dep,pct_male,mean_pe_rate,z_pe_rate,mean_wcst_accuracy,z_wcst_accuracy,mean_stroop_interference,z_stroop_interference,mean_prp_bottleneck,z_prp_bottleneck
0,55,33.13253012048193,40.45454545454545,6.254545454545455,20.0,14.004589089091724,0.7066867008997868,76.32884823928597,-0.7335044231901648,217.43868449436076,0.7205664633270322,691.0917422707151,0.6524153604589616
1,111,66.86746987951807,41.549549549549546,8.216216216216216,46.846846846846844,8.548059234421268,-0.3501600770224166,86.51699198382222,0.3634481376167473,101.0908502180052,-0.3570374367836642,541.557585930653,-0.32326887229948653
