ucla_tertile,0,1
Low,31.57894736842105,68.42105263157895
Medium,37.93103448275862,62.06896551724138
High,29.411764705882355,70.58823529411765
